{
  "fitnessActivity": "running",
  "startTime": "2021-12-21T11:21:00Z",
  "endTime": "2021-12-21T11:41:03Z",
  "duration": "1203s",
  "segment": [{
    "fitnessActivity": "running",
    "startTime": "2021-12-21T11:21:00Z",
    "endTime": "2021-12-21T11:41:03Z"
  }],
  "aggregate": [{
    "metricName": "com.google.heart_minutes.summary",
    "floatValue": 40.0
  }, {
    "metricName": "com.google.calories.expended",
    "floatValue": 249.0
  }, {
    "metricName": "com.google.step_count.delta",
    "intValue": 3032
  }, {
    "metricName": "com.google.distance.delta",
    "floatValue": 2009.0
  }, {
    "metricName": "com.google.speed.summary",
    "floatValue": 1.6699917316436768
  }, {
    "metricName": "com.google.active_minutes",
    "intValue": 20
  }]
}