{
  "fitnessActivity": "walking",
  "startTime": "2021-12-18T04:53:00Z",
  "endTime": "2021-12-18T04:56:58Z",
  "duration": "238s",
  "segment": [{
    "fitnessActivity": "walking",
    "startTime": "2021-12-18T04:53:00Z",
    "endTime": "2021-12-18T04:56:58Z"
  }],
  "aggregate": [{
    "metricName": "com.google.heart_minutes.summary",
    "floatValue": 3.0
  }, {
    "metricName": "com.google.calories.expended",
    "floatValue": 22.0
  }, {
    "metricName": "com.google.step_count.delta",
    "intValue": 412
  }, {
    "metricName": "com.google.distance.delta",
    "floatValue": 267.0
  }, {
    "metricName": "com.google.speed.summary",
    "floatValue": 1.121848702430725
  }, {
    "metricName": "com.google.active_minutes",
    "intValue": 3
  }]
}