{
  "fitnessActivity": "walking",
  "startTime": "2021-12-17T14:25:00Z",
  "endTime": "2021-12-17T15:03:29Z",
  "duration": "2309s",
  "segment": [{
    "fitnessActivity": "walking",
    "startTime": "2021-12-17T14:25:00Z",
    "endTime": "2021-12-17T15:03:29Z"
  }],
  "aggregate": [{
    "metricName": "com.google.heart_minutes.summary",
    "floatValue": 38.0
  }, {
    "metricName": "com.google.calories.expended",
    "floatValue": 312.0
  }, {
    "metricName": "com.google.step_count.delta",
    "intValue": 3942
  }, {
    "metricName": "com.google.distance.delta",
    "floatValue": 2561.0
  }, {
    "metricName": "com.google.speed.summary",
    "floatValue": 1.1091381311416626
  }, {
    "metricName": "com.google.active_minutes",
    "intValue": 38
  }]
}