{
  "fitnessActivity": "other",
  "startTime": "2022-01-24T06:46:19Z",
  "endTime": "2022-01-24T07:07:20Z",
  "duration": "1261s",
  "segment": [{
    "fitnessActivity": "other",
    "startTime": "2022-01-24T06:46:19Z",
    "endTime": "2022-01-24T07:07:20Z"
  }],
  "aggregate": [{
    "metricName": "com.google.heart_minutes.summary",
    "floatValue": 20.0
  }, {
    "metricName": "com.google.calories.expended",
    "floatValue": 138.0
  }, {
    "metricName": "com.google.step_count.delta",
    "intValue": 2111
  }, {
    "metricName": "com.google.distance.delta",
    "floatValue": 1370.0
  }, {
    "metricName": "com.google.speed.summary",
    "floatValue": 1.0864392518997192
  }, {
    "metricName": "com.google.active_minutes",
    "intValue": 21
  }]
}