{
  "fitnessActivity": "other",
  "startTime": "2022-01-31T01:04:10Z",
  "endTime": "2022-01-31T01:36:37Z",
  "duration": "1947s",
  "segment": [{
    "fitnessActivity": "other",
    "startTime": "2022-01-31T01:04:10Z",
    "endTime": "2022-01-31T01:36:37Z"
  }],
  "aggregate": [{
    "metricName": "com.google.heart_minutes.summary",
    "floatValue": 32.0
  }, {
    "metricName": "com.google.calories.expended",
    "floatValue": 261.0
  }, {
    "metricName": "com.google.step_count.delta",
    "intValue": 3542
  }, {
    "metricName": "com.google.distance.delta",
    "floatValue": 2303.0
  }, {
    "metricName": "com.google.speed.summary",
    "floatValue": 1.1828453540802002
  }, {
    "metricName": "com.google.active_minutes",
    "intValue": 32
  }]
}