{
  "fitnessActivity": "other",
  "startTime": "2022-01-03T01:05:19Z",
  "endTime": "2022-01-03T01:33:00Z",
  "duration": "1661s",
  "segment": [{
    "fitnessActivity": "other",
    "startTime": "2022-01-03T01:05:19Z",
    "endTime": "2022-01-03T01:33:00Z"
  }],
  "aggregate": [{
    "metricName": "com.google.heart_minutes.summary",
    "floatValue": 28.0
  }, {
    "metricName": "com.google.calories.expended",
    "floatValue": 270.0
  }, {
    "metricName": "com.google.step_count.delta",
    "intValue": 3084
  }, {
    "metricName": "com.google.distance.delta",
    "floatValue": 2005.0
  }, {
    "metricName": "com.google.speed.summary",
    "floatValue": 1.207104206085205
  }, {
    "metricName": "com.google.active_minutes",
    "intValue": 28
  }]
}