{
  "fitnessActivity": "other",
  "startTime": "2022-01-08T01:40:01Z",
  "endTime": "2022-01-08T01:42:24Z",
  "duration": "143s",
  "segment": [{
    "fitnessActivity": "other",
    "startTime": "2022-01-08T01:40:01Z",
    "endTime": "2022-01-08T01:42:24Z"
  }],
  "aggregate": [{
    "metricName": "com.google.heart_minutes.summary",
    "floatValue": 2.0
  }, {
    "metricName": "com.google.calories.expended",
    "floatValue": 15.0
  }, {
    "metricName": "com.google.step_count.delta",
    "intValue": 262
  }, {
    "metricName": "com.google.distance.delta",
    "floatValue": 167.0
  }, {
    "metricName": "com.google.speed.summary",
    "floatValue": 1.1678321361541748
  }, {
    "metricName": "com.google.active_minutes",
    "intValue": 2
  }]
}