{
  "fitnessActivity": "other",
  "startTime": "2022-01-25T10:08:08Z",
  "endTime": "2022-01-25T10:27:01Z",
  "duration": "1133s",
  "segment": [{
    "fitnessActivity": "other",
    "startTime": "2022-01-25T10:08:08Z",
    "endTime": "2022-01-25T10:27:01Z"
  }],
  "aggregate": [{
    "metricName": "com.google.calories.expended",
    "floatValue": 146.0
  }, {
    "metricName": "com.google.step_count.delta",
    "intValue": 1668
  }, {
    "metricName": "com.google.distance.delta",
    "floatValue": 1084.0
  }, {
    "metricName": "com.google.speed.summary",
    "floatValue": 0.9567520022392273
  }, {
    "metricName": "com.google.active_minutes",
    "intValue": 19
  }]
}