{
  "fitnessActivity": "running",
  "startTime": "2022-01-09T11:27:52Z",
  "endTime": "2022-01-09T12:26:18Z",
  "duration": "3506s",
  "segment": [{
    "fitnessActivity": "running",
    "startTime": "2022-01-09T11:27:52Z",
    "endTime": "2022-01-09T12:26:18Z"
  }],
  "aggregate": [{
    "metricName": "com.google.heart_minutes.summary",
    "floatValue": 116.0
  }, {
    "metricName": "com.google.calories.expended",
    "floatValue": 719.0
  }, {
    "metricName": "com.google.step_count.delta",
    "intValue": 9004
  }, {
    "metricName": "com.google.distance.delta",
    "floatValue": 6022.0
  }, {
    "metricName": "com.google.speed.summary",
    "floatValue": 1.717626929283142
  }, {
    "metricName": "com.google.active_minutes",
    "intValue": 59
  }]
}