{
  "fitnessActivity": "other",
  "startTime": "2022-02-01T01:14:55Z",
  "endTime": "2022-02-01T01:43:21Z",
  "duration": "1706s",
  "segment": [{
    "fitnessActivity": "other",
    "startTime": "2022-02-01T01:14:55Z",
    "endTime": "2022-02-01T01:43:21Z"
  }],
  "aggregate": [{
    "metricName": "com.google.heart_minutes.summary",
    "floatValue": 28.0
  }, {
    "metricName": "com.google.calories.expended",
    "floatValue": 226.0
  }, {
    "metricName": "com.google.step_count.delta",
    "intValue": 3107
  }, {
    "metricName": "com.google.distance.delta",
    "floatValue": 2011.0
  }, {
    "metricName": "com.google.speed.summary",
    "floatValue": 1.1787807941436768
  }, {
    "metricName": "com.google.active_minutes",
    "intValue": 29
  }]
}