{
  "fitnessActivity": "other",
  "startTime": "2022-01-12T01:21:41Z",
  "endTime": "2022-01-12T01:56:33Z",
  "duration": "2092s",
  "segment": [{
    "fitnessActivity": "other",
    "startTime": "2022-01-12T01:21:41Z",
    "endTime": "2022-01-12T01:56:33Z"
  }],
  "aggregate": [{
    "metricName": "com.google.heart_minutes.summary",
    "floatValue": 34.0
  }, {
    "metricName": "com.google.calories.expended",
    "floatValue": 295.0
  }, {
    "metricName": "com.google.step_count.delta",
    "intValue": 4011
  }, {
    "metricName": "com.google.distance.delta",
    "floatValue": 2605.0
  }, {
    "metricName": "com.google.speed.summary",
    "floatValue": 1.2452198266983032
  }, {
    "metricName": "com.google.active_minutes",
    "intValue": 35
  }]
}