{
  "fitnessActivity": "yoga",
  "startTime": "2022-01-10T01:51:46Z",
  "endTime": "2022-01-10T01:55:59Z",
  "duration": "253s",
  "segment": [{
    "fitnessActivity": "yoga",
    "startTime": "2022-01-10T01:51:46Z",
    "endTime": "2022-01-10T01:55:59Z"
  }],
  "aggregate": [{
    "metricName": "com.google.calories.expended",
    "floatValue": 15.0
  }, {
    "metricName": "com.google.step_count.delta",
    "intValue": 34
  }, {
    "metricName": "com.google.distance.delta",
    "floatValue": 0.0
  }, {
    "metricName": "com.google.speed.summary",
    "floatValue": 0.0
  }, {
    "metricName": "com.google.active_minutes",
    "intValue": 3
  }]
}