{
  "fitnessActivity": "other",
  "startTime": "2022-01-21T06:18:44Z",
  "endTime": "2022-01-21T07:05:01Z",
  "duration": "2777s",
  "segment": [{
    "fitnessActivity": "other",
    "startTime": "2022-01-21T06:18:44Z",
    "endTime": "2022-01-21T07:05:01Z"
  }],
  "aggregate": [{
    "metricName": "com.google.heart_minutes.summary",
    "floatValue": 46.0
  }, {
    "metricName": "com.google.calories.expended",
    "floatValue": 293.0
  }, {
    "metricName": "com.google.step_count.delta",
    "intValue": 4635
  }, {
    "metricName": "com.google.distance.delta",
    "floatValue": 3013.0
  }, {
    "metricName": "com.google.speed.summary",
    "floatValue": 1.0849838256835938
  }, {
    "metricName": "com.google.active_minutes",
    "intValue": 47
  }]
}