{
  "fitnessActivity": "other",
  "startTime": "2022-01-08T01:48:27Z",
  "endTime": "2022-01-08T02:17:07Z",
  "duration": "1720s",
  "segment": [{
    "fitnessActivity": "other",
    "startTime": "2022-01-08T01:48:27Z",
    "endTime": "2022-01-08T02:17:07Z"
  }],
  "aggregate": [{
    "metricName": "com.google.heart_minutes.summary",
    "floatValue": 29.0
  }, {
    "metricName": "com.google.calories.expended",
    "floatValue": 358.0
  }, {
    "metricName": "com.google.step_count.delta",
    "intValue": 3099
  }, {
    "metricName": "com.google.distance.delta",
    "floatValue": 2010.0
  }, {
    "metricName": "com.google.speed.summary",
    "floatValue": 1.1686046123504639
  }, {
    "metricName": "com.google.active_minutes",
    "intValue": 29
  }]
}