{
  "fitnessActivity": "running",
  "startTime": "2022-02-09T12:40:55Z",
  "endTime": "2022-02-09T12:42:17Z",
  "duration": "82s",
  "segment": [{
    "fitnessActivity": "running",
    "startTime": "2022-02-09T12:40:55Z",
    "endTime": "2022-02-09T12:42:17Z"
  }],
  "aggregate": [{
    "metricName": "com.google.heart_minutes.summary",
    "floatValue": 2.0
  }, {
    "metricName": "com.google.calories.expended",
    "floatValue": 9.0
  }, {
    "metricName": "com.google.step_count.delta",
    "intValue": 211
  }, {
    "metricName": "com.google.distance.delta",
    "floatValue": 135.0
  }, {
    "metricName": "com.google.speed.summary",
    "floatValue": 1.6463414430618286
  }, {
    "metricName": "com.google.active_minutes",
    "intValue": 2
  }]
}