{
  "fitnessActivity": "other",
  "startTime": "2022-01-12T10:55:06Z",
  "endTime": "2022-01-12T11:25:21Z",
  "duration": "1815s",
  "segment": [{
    "fitnessActivity": "other",
    "startTime": "2022-01-12T10:55:06Z",
    "endTime": "2022-01-12T11:25:21Z"
  }],
  "aggregate": [{
    "metricName": "com.google.heart_minutes.summary",
    "floatValue": 29.0
  }, {
    "metricName": "com.google.calories.expended",
    "floatValue": 244.0
  }, {
    "metricName": "com.google.step_count.delta",
    "intValue": 3075
  }, {
    "metricName": "com.google.distance.delta",
    "floatValue": 1999.0
  }, {
    "metricName": "com.google.speed.summary",
    "floatValue": 1.1013773679733276
  }, {
    "metricName": "com.google.active_minutes",
    "intValue": 30
  }]
}