{
  "fitnessActivity": "yoga",
  "startTime": "2022-01-15T02:56:44Z",
  "endTime": "2022-01-15T03:11:43Z",
  "duration": "899s",
  "segment": [{
    "fitnessActivity": "yoga",
    "startTime": "2022-01-15T02:56:44Z",
    "endTime": "2022-01-15T03:11:43Z"
  }],
  "aggregate": [{
    "metricName": "com.google.calories.expended",
    "floatValue": 65.0
  }, {
    "metricName": "com.google.step_count.delta",
    "intValue": 623
  }, {
    "metricName": "com.google.distance.delta",
    "floatValue": 0.0
  }, {
    "metricName": "com.google.speed.summary",
    "floatValue": 0.0
  }, {
    "metricName": "com.google.active_minutes",
    "intValue": 14
  }]
}