{
  "fitnessActivity": "running",
  "startTime": "2022-02-08T01:04:51Z",
  "endTime": "2022-02-08T01:24:06Z",
  "duration": "1155s",
  "segment": [{
    "fitnessActivity": "running",
    "startTime": "2022-02-08T01:04:51Z",
    "endTime": "2022-02-08T01:24:06Z"
  }],
  "aggregate": [{
    "metricName": "com.google.heart_minutes.summary",
    "floatValue": 38.0
  }, {
    "metricName": "com.google.calories.expended",
    "floatValue": 218.0
  }, {
    "metricName": "com.google.step_count.delta",
    "intValue": 2987
  }, {
    "metricName": "com.google.distance.delta",
    "floatValue": 2012.0
  }, {
    "metricName": "com.google.speed.summary",
    "floatValue": 1.741991400718689
  }, {
    "metricName": "com.google.active_minutes",
    "intValue": 20
  }]
}