{
  "fitnessActivity": "other",
  "startTime": "2022-01-24T01:29:18Z",
  "endTime": "2022-01-24T01:58:06Z",
  "duration": "1728s",
  "segment": [{
    "fitnessActivity": "other",
    "startTime": "2022-01-24T01:29:18Z",
    "endTime": "2022-01-24T01:58:06Z"
  }],
  "aggregate": [{
    "metricName": "com.google.heart_minutes.summary",
    "floatValue": 28.0
  }, {
    "metricName": "com.google.calories.expended",
    "floatValue": 226.0
  }, {
    "metricName": "com.google.step_count.delta",
    "intValue": 3335
  }, {
    "metricName": "com.google.distance.delta",
    "floatValue": 2165.0
  }, {
    "metricName": "com.google.speed.summary",
    "floatValue": 1.2528935670852661
  }, {
    "metricName": "com.google.active_minutes",
    "intValue": 29
  }]
}