{
  "fitnessActivity": "other",
  "startTime": "2022-01-09T05:14:09Z",
  "endTime": "2022-01-09T05:41:24Z",
  "duration": "1635s",
  "segment": [{
    "fitnessActivity": "other",
    "startTime": "2022-01-09T05:14:09Z",
    "endTime": "2022-01-09T05:41:24Z"
  }],
  "aggregate": [{
    "metricName": "com.google.heart_minutes.summary",
    "floatValue": 26.0
  }, {
    "metricName": "com.google.calories.expended",
    "floatValue": 253.0
  }, {
    "metricName": "com.google.step_count.delta",
    "intValue": 3095
  }, {
    "metricName": "com.google.distance.delta",
    "floatValue": 2007.0
  }, {
    "metricName": "com.google.speed.summary",
    "floatValue": 1.2275229692459106
  }, {
    "metricName": "com.google.active_minutes",
    "intValue": 27
  }]
}