{
  "fitnessActivity": "yoga",
  "startTime": "2022-01-14T02:23:16Z",
  "endTime": "2022-01-14T02:41:33Z",
  "duration": "1097s",
  "segment": [{
    "fitnessActivity": "yoga",
    "startTime": "2022-01-14T02:23:16Z",
    "endTime": "2022-01-14T02:41:33Z"
  }],
  "aggregate": [{
    "metricName": "com.google.calories.expended",
    "floatValue": 54.0
  }, {
    "metricName": "com.google.step_count.delta",
    "intValue": 97
  }, {
    "metricName": "com.google.distance.delta",
    "floatValue": 0.0
  }, {
    "metricName": "com.google.speed.summary",
    "floatValue": 0.0
  }, {
    "metricName": "com.google.active_minutes",
    "intValue": 17
  }]
}