{
  "fitnessActivity": "yoga",
  "startTime": "2022-02-09T01:12:53Z",
  "endTime": "2022-02-09T01:28:50Z",
  "duration": "957s",
  "segment": [{
    "fitnessActivity": "yoga",
    "startTime": "2022-02-09T01:12:53Z",
    "endTime": "2022-02-09T01:28:50Z"
  }],
  "aggregate": [{
    "metricName": "com.google.calories.expended",
    "floatValue": 61.0
  }, {
    "metricName": "com.google.step_count.delta",
    "intValue": 1112
  }, {
    "metricName": "com.google.distance.delta",
    "floatValue": 0.0
  }, {
    "metricName": "com.google.speed.summary",
    "floatValue": 0.0
  }, {
    "metricName": "com.google.active_minutes",
    "intValue": 16
  }]
}