{
  "fitnessActivity": "yoga",
  "startTime": "2022-02-01T00:56:46Z",
  "endTime": "2022-02-01T01:14:29Z",
  "duration": "1063s",
  "segment": [{
    "fitnessActivity": "yoga",
    "startTime": "2022-02-01T00:56:46Z",
    "endTime": "2022-02-01T01:14:29Z"
  }],
  "aggregate": [{
    "metricName": "com.google.calories.expended",
    "floatValue": 56.0
  }, {
    "metricName": "com.google.step_count.delta",
    "intValue": 922
  }, {
    "metricName": "com.google.distance.delta",
    "floatValue": 0.0
  }, {
    "metricName": "com.google.speed.summary",
    "floatValue": 0.0
  }, {
    "metricName": "com.google.active_minutes",
    "intValue": 18
  }]
}