{
  "fitnessActivity": "running",
  "startTime": "2022-01-13T13:44:43Z",
  "endTime": "2022-01-13T13:54:39Z",
  "duration": "596s",
  "segment": [{
    "fitnessActivity": "running",
    "startTime": "2022-01-13T13:44:43Z",
    "endTime": "2022-01-13T13:54:39Z"
  }],
  "aggregate": [{
    "metricName": "com.google.heart_minutes.summary",
    "floatValue": 18.0
  }, {
    "metricName": "com.google.calories.expended",
    "floatValue": 115.0
  }, {
    "metricName": "com.google.step_count.delta",
    "intValue": 1529
  }, {
    "metricName": "com.google.distance.delta",
    "floatValue": 1012.0
  }, {
    "metricName": "com.google.speed.summary",
    "floatValue": 1.6979866027832031
  }, {
    "metricName": "com.google.active_minutes",
    "intValue": 10
  }]
}