{
  "fitnessActivity": "running",
  "startTime": "2022-02-02T11:08:08Z",
  "endTime": "2022-02-02T12:08:37Z",
  "duration": "3629s",
  "segment": [{
    "fitnessActivity": "running",
    "startTime": "2022-02-02T11:08:08Z",
    "endTime": "2022-02-02T12:08:37Z"
  }],
  "aggregate": [{
    "metricName": "com.google.heart_minutes.summary",
    "floatValue": 120.0
  }, {
    "metricName": "com.google.calories.expended",
    "floatValue": 703.0
  }, {
    "metricName": "com.google.step_count.delta",
    "intValue": 9087
  }, {
    "metricName": "com.google.distance.delta",
    "floatValue": 6018.0
  }, {
    "metricName": "com.google.speed.summary",
    "floatValue": 1.6583080291748047
  }, {
    "metricName": "com.google.active_minutes",
    "intValue": 60
  }]
}