{
  "fitnessActivity": "other",
  "startTime": "2022-01-13T01:30:12Z",
  "endTime": "2022-01-13T01:58:06Z",
  "duration": "1674s",
  "segment": [{
    "fitnessActivity": "other",
    "startTime": "2022-01-13T01:30:12Z",
    "endTime": "2022-01-13T01:58:06Z"
  }],
  "aggregate": [{
    "metricName": "com.google.heart_minutes.summary",
    "floatValue": 27.0
  }, {
    "metricName": "com.google.calories.expended",
    "floatValue": 246.0
  }, {
    "metricName": "com.google.step_count.delta",
    "intValue": 3118
  }, {
    "metricName": "com.google.distance.delta",
    "floatValue": 2024.0
  }, {
    "metricName": "com.google.speed.summary",
    "floatValue": 1.2090801000595093
  }, {
    "metricName": "com.google.active_minutes",
    "intValue": 28
  }]
}