{
  "fitnessActivity": "other",
  "startTime": "2022-02-08T06:58:02Z",
  "endTime": "2022-02-08T07:13:29Z",
  "duration": "927s",
  "segment": [{
    "fitnessActivity": "other",
    "startTime": "2022-02-08T06:58:02Z",
    "endTime": "2022-02-08T07:13:29Z"
  }],
  "aggregate": [{
    "metricName": "com.google.heart_minutes.summary",
    "floatValue": 15.0
  }, {
    "metricName": "com.google.calories.expended",
    "floatValue": 101.0
  }, {
    "metricName": "com.google.step_count.delta",
    "intValue": 1581
  }, {
    "metricName": "com.google.distance.delta",
    "floatValue": 1026.0
  }, {
    "metricName": "com.google.speed.summary",
    "floatValue": 1.106796145439148
  }, {
    "metricName": "com.google.active_minutes",
    "intValue": 15
  }]
}