{
    "Data Source": "derived:com.google.internal.goal:com.google.android.apps.fitness:com_google_step_count_delta.cumulative.day...sample",
    "Data Points": [
        {"fitValue":[{"blob":{"internalGoal":{"endTimeNanos":9223372036854000000,"dataTypeName":"com.google.step_count.delta","cumulativeObjective":{"objective":{"fieldName":"steps","value":{"intVal":5000},"operator":"GTE"}},"recurInterval":{"unit":"DAY","count":1},"startTimeNanos":1639658109588000000}}}],"originDataSourceId":"","endTimeNanos":1639658109588000000,"dataTypeName":"com.google.internal.goal","startTimeNanos":1639658109588000000,"modifiedTimeMillis":1639658157854,"rawTimestampNanos":0}
    ]
}