{
    "Data Source": "raw:com.google.heart_rate.bpm:com.noisefit:noise_activity- Heart data",
    "Data Points": [
        {"fitValue":[{"value":{"fpVal":71}}],"originDataSourceId":"","endTimeNanos":1639657883174000000,"dataTypeName":"com.google.heart_rate.bpm","startTimeNanos":1639657883174000000,"modifiedTimeMillis":1639658157853,"rawTimestampNanos":0},
        {"fitValue":[{"value":{"fpVal":69}}],"originDataSourceId":"","endTimeNanos":1639661771425000000,"dataTypeName":"com.google.heart_rate.bpm","startTimeNanos":1639661771425000000,"modifiedTimeMillis":1639662655793,"rawTimestampNanos":0},
        {"fitValue":[{"value":{"fpVal":69}}],"originDataSourceId":"","endTimeNanos":1639661772854000000,"dataTypeName":"com.google.heart_rate.bpm","startTimeNanos":1639661772854000000,"modifiedTimeMillis":1639662655793,"rawTimestampNanos":0},
        {"fitValue":[{"value":{"fpVal":72}}],"originDataSourceId":"","endTimeNanos":1639661803433000000,"dataTypeName":"com.google.heart_rate.bpm","startTimeNanos":1639661803433000000,"modifiedTimeMillis":1639662655793,"rawTimestampNanos":0},
        {"fitValue":[{"value":{"fpVal":72}}],"originDataSourceId":"","endTimeNanos":1639661804824000000,"dataTypeName":"com.google.heart_rate.bpm","startTimeNanos":1639661804824000000,"modifiedTimeMillis":1639662655793,"rawTimestampNanos":0},
        {"fitValue":[{"value":{"fpVal":80}}],"originDataSourceId":"","endTimeNanos":1639662473388000000,"dataTypeName":"com.google.heart_rate.bpm","startTimeNanos":1639662473388000000,"modifiedTimeMillis":1639662655793,"rawTimestampNanos":0},
        {"fitValue":[{"value":{"fpVal":80}}],"originDataSourceId":"","endTimeNanos":1639662474962000000,"dataTypeName":"com.google.heart_rate.bpm","startTimeNanos":1639662474962000000,"modifiedTimeMillis":1639662655793,"rawTimestampNanos":0},
        {"fitValue":[{"value":{"fpVal":78}}],"originDataSourceId":"","endTimeNanos":1639662929693000000,"dataTypeName":"com.google.heart_rate.bpm","startTimeNanos":1639662929693000000,"modifiedTimeMillis":1639662987676,"rawTimestampNanos":0},
        {"fitValue":[{"value":{"fpVal":78}}],"originDataSourceId":"","endTimeNanos":1639662931241000000,"dataTypeName":"com.google.heart_rate.bpm","startTimeNanos":1639662931241000000,"modifiedTimeMillis":1639662987676,"rawTimestampNanos":0},
        {"fitValue":[{"value":{"fpVal":78}}],"originDataSourceId":"","endTimeNanos":1639662932591000000,"dataTypeName":"com.google.heart_rate.bpm","startTimeNanos":1639662932591000000,"modifiedTimeMillis":1639662987676,"rawTimestampNanos":0},
        {"fitValue":[{"value":{"fpVal":81}}],"originDataSourceId":"","endTimeNanos":1639667222251000000,"dataTypeName":"com.google.heart_rate.bpm","startTimeNanos":1639667222251000000,"modifiedTimeMillis":1639667264319,"rawTimestampNanos":0},
        {"fitValue":[{"value":{"fpVal":81}}],"originDataSourceId":"","endTimeNanos":1639667224039000000,"dataTypeName":"com.google.heart_rate.bpm","startTimeNanos":1639667224039000000,"modifiedTimeMillis":1639667264319,"rawTimestampNanos":0},
        {"fitValue":[{"value":{"fpVal":81}}],"originDataSourceId":"","endTimeNanos":1639667224918000000,"dataTypeName":"com.google.heart_rate.bpm","startTimeNanos":1639667224918000000,"modifiedTimeMillis":1639667264319,"rawTimestampNanos":0},
        {"fitValue":[{"value":{"fpVal":82}}],"originDataSourceId":"","endTimeNanos":1639670114963000000,"dataTypeName":"com.google.heart_rate.bpm","startTimeNanos":1639670114963000000,"modifiedTimeMillis":1639670544198,"rawTimestampNanos":0},
        {"fitValue":[{"value":{"fpVal":82}}],"originDataSourceId":"","endTimeNanos":1639670116288000000,"dataTypeName":"com.google.heart_rate.bpm","startTimeNanos":1639670116288000000,"modifiedTimeMillis":1639670544198,"rawTimestampNanos":0},
        {"fitValue":[{"value":{"fpVal":74}}],"originDataSourceId":"","endTimeNanos":1639700780912000000,"dataTypeName":"com.google.heart_rate.bpm","startTimeNanos":1639700780912000000,"modifiedTimeMillis":1639702343290,"rawTimestampNanos":0},
        {"fitValue":[{"value":{"fpVal":81}}],"originDataSourceId":"","endTimeNanos":1639700781447000000,"dataTypeName":"com.google.heart_rate.bpm","startTimeNanos":1639700781447000000,"modifiedTimeMillis":1639702343290,"rawTimestampNanos":0},
        {"fitValue":[{"value":{"fpVal":74}}],"originDataSourceId":"","endTimeNanos":1639700784403000000,"dataTypeName":"com.google.heart_rate.bpm","startTimeNanos":1639700784403000000,"modifiedTimeMillis":1639702343290,"rawTimestampNanos":0},
        {"fitValue":[{"value":{"fpVal":74}}],"originDataSourceId":"","endTimeNanos":1639700785878000000,"dataTypeName":"com.google.heart_rate.bpm","startTimeNanos":1639700785878000000,"modifiedTimeMillis":1639702343290,"rawTimestampNanos":0},
        {"fitValue":[{"value":{"fpVal":74}}],"originDataSourceId":"","endTimeNanos":1639700787620000000,"dataTypeName":"com.google.heart_rate.bpm","startTimeNanos":1639700787620000000,"modifiedTimeMillis":1639702343290,"rawTimestampNanos":0},
        {"fitValue":[{"value":{"fpVal":74}}],"originDataSourceId":"","endTimeNanos":1639700789042000000,"dataTypeName":"com.google.heart_rate.bpm","startTimeNanos":1639700789042000000,"modifiedTimeMillis":1639702343290,"rawTimestampNanos":0},
        {"fitValue":[{"value":{"fpVal":74}}],"originDataSourceId":"","endTimeNanos":1639700792086000000,"dataTypeName":"com.google.heart_rate.bpm","startTimeNanos":1639700792086000000,"modifiedTimeMillis":1639702343290,"rawTimestampNanos":0},
        {"fitValue":[{"value":{"fpVal":74}}],"originDataSourceId":"","endTimeNanos":1639700794865000000,"dataTypeName":"com.google.heart_rate.bpm","startTimeNanos":1639700794865000000,"modifiedTimeMillis":1639702343290,"rawTimestampNanos":0},
        {"fitValue":[{"value":{"fpVal":74}}],"originDataSourceId":"","endTimeNanos":1639700796544000000,"dataTypeName":"com.google.heart_rate.bpm","startTimeNanos":1639700796544000000,"modifiedTimeMillis":1639702343290,"rawTimestampNanos":0},
        {"fitValue":[{"value":{"fpVal":71}}],"originDataSourceId":"","endTimeNanos":1639713696559000000,"dataTypeName":"com.google.heart_rate.bpm","startTimeNanos":1639713696559000000,"modifiedTimeMillis":1639713921255,"rawTimestampNanos":0},
        {"fitValue":[{"value":{"fpVal":71}}],"originDataSourceId":"","endTimeNanos":1639713698623000000,"dataTypeName":"com.google.heart_rate.bpm","startTimeNanos":1639713698623000000,"modifiedTimeMillis":1639713921255,"rawTimestampNanos":0},
        {"fitValue":[{"value":{"fpVal":72}}],"originDataSourceId":"","endTimeNanos":1639715810135000000,"dataTypeName":"com.google.heart_rate.bpm","startTimeNanos":1639715810135000000,"modifiedTimeMillis":1639715990401,"rawTimestampNanos":0},
        {"fitValue":[{"value":{"fpVal":72}}],"originDataSourceId":"","endTimeNanos":1639715814097000000,"dataTypeName":"com.google.heart_rate.bpm","startTimeNanos":1639715814097000000,"modifiedTimeMillis":1639715990401,"rawTimestampNanos":0},
        {"fitValue":[{"value":{"fpVal":72}}],"originDataSourceId":"","endTimeNanos":1639715817547000000,"dataTypeName":"com.google.heart_rate.bpm","startTimeNanos":1639715817547000000,"modifiedTimeMillis":1639715990401,"rawTimestampNanos":0},
        {"fitValue":[{"value":{"fpVal":72}}],"originDataSourceId":"","endTimeNanos":1639715820304000000,"dataTypeName":"com.google.heart_rate.bpm","startTimeNanos":1639715820304000000,"modifiedTimeMillis":1639715990401,"rawTimestampNanos":0},
        {"fitValue":[{"value":{"fpVal":72}}],"originDataSourceId":"","endTimeNanos":1639715822817000000,"dataTypeName":"com.google.heart_rate.bpm","startTimeNanos":1639715822817000000,"modifiedTimeMillis":1639715990401,"rawTimestampNanos":0},
        {"fitValue":[{"value":{"fpVal":73}}],"originDataSourceId":"","endTimeNanos":1639719705625000000,"dataTypeName":"com.google.heart_rate.bpm","startTimeNanos":1639719705625000000,"modifiedTimeMillis":1639719932691,"rawTimestampNanos":0},
        {"fitValue":[{"value":{"fpVal":73}}],"originDataSourceId":"","endTimeNanos":1639719710054000000,"dataTypeName":"com.google.heart_rate.bpm","startTimeNanos":1639719710054000000,"modifiedTimeMillis":1639719932691,"rawTimestampNanos":0},
        {"fitValue":[{"value":{"fpVal":73}}],"originDataSourceId":"","endTimeNanos":1639719712561000000,"dataTypeName":"com.google.heart_rate.bpm","startTimeNanos":1639719712561000000,"modifiedTimeMillis":1639719932691,"rawTimestampNanos":0},
        {"fitValue":[{"value":{"fpVal":73}}],"originDataSourceId":"","endTimeNanos":1639719715719000000,"dataTypeName":"com.google.heart_rate.bpm","startTimeNanos":1639719715719000000,"modifiedTimeMillis":1639719932691,"rawTimestampNanos":0},
        {"fitValue":[{"value":{"fpVal":75}}],"originDataSourceId":"","endTimeNanos":1639744464142000000,"dataTypeName":"com.google.heart_rate.bpm","startTimeNanos":1639744464142000000,"modifiedTimeMillis":1639745710938,"rawTimestampNanos":0},
        {"fitValue":[{"value":{"fpVal":75}}],"originDataSourceId":"","endTimeNanos":1639744466802000000,"dataTypeName":"com.google.heart_rate.bpm","startTimeNanos":1639744466802000000,"modifiedTimeMillis":1639745710938,"rawTimestampNanos":0},
        {"fitValue":[{"value":{"fpVal":75}}],"originDataSourceId":"","endTimeNanos":1639744469878000000,"dataTypeName":"com.google.heart_rate.bpm","startTimeNanos":1639744469878000000,"modifiedTimeMillis":1639745710938,"rawTimestampNanos":0},
        {"fitValue":[{"value":{"fpVal":75}}],"originDataSourceId":"","endTimeNanos":1639744474017000000,"dataTypeName":"com.google.heart_rate.bpm","startTimeNanos":1639744474017000000,"modifiedTimeMillis":1639745710938,"rawTimestampNanos":0},
        {"fitValue":[{"value":{"fpVal":75}}],"originDataSourceId":"","endTimeNanos":1639744476476000000,"dataTypeName":"com.google.heart_rate.bpm","startTimeNanos":1639744476476000000,"modifiedTimeMillis":1639745710938,"rawTimestampNanos":0},
        {"fitValue":[{"value":{"fpVal":75}}],"originDataSourceId":"","endTimeNanos":1639744481191000000,"dataTypeName":"com.google.heart_rate.bpm","startTimeNanos":1639744481191000000,"modifiedTimeMillis":1639745710938,"rawTimestampNanos":0},
        {"fitValue":[{"value":{"fpVal":75}}],"originDataSourceId":"","endTimeNanos":1639744483864000000,"dataTypeName":"com.google.heart_rate.bpm","startTimeNanos":1639744483864000000,"modifiedTimeMillis":1639745710938,"rawTimestampNanos":0},
        {"fitValue":[{"value":{"fpVal":77}}],"originDataSourceId":"","endTimeNanos":1639746319953000000,"dataTypeName":"com.google.heart_rate.bpm","startTimeNanos":1639746319953000000,"modifiedTimeMillis":1639746871309,"rawTimestampNanos":0},
        {"fitValue":[{"value":{"fpVal":77}}],"originDataSourceId":"","endTimeNanos":1639746322075000000,"dataTypeName":"com.google.heart_rate.bpm","startTimeNanos":1639746322075000000,"modifiedTimeMillis":1639746871309,"rawTimestampNanos":0},
        {"fitValue":[{"value":{"fpVal":77}}],"originDataSourceId":"","endTimeNanos":1639746323544000000,"dataTypeName":"com.google.heart_rate.bpm","startTimeNanos":1639746323544000000,"modifiedTimeMillis":1639746871309,"rawTimestampNanos":0},
        {"fitValue":[{"value":{"fpVal":79}}],"originDataSourceId":"","endTimeNanos":1639753452057000000,"dataTypeName":"com.google.heart_rate.bpm","startTimeNanos":1639753452057000000,"modifiedTimeMillis":1639755139203,"rawTimestampNanos":0},
        {"fitValue":[{"value":{"fpVal":68}}],"originDataSourceId":"","endTimeNanos":1639799000827000000,"dataTypeName":"com.google.heart_rate.bpm","startTimeNanos":1639799000827000000,"modifiedTimeMillis":1639801385439,"rawTimestampNanos":0},
        {"fitValue":[{"value":{"fpVal":68}}],"originDataSourceId":"","endTimeNanos":1639799010105000000,"dataTypeName":"com.google.heart_rate.bpm","startTimeNanos":1639799010105000000,"modifiedTimeMillis":1639801385439,"rawTimestampNanos":0},
        {"fitValue":[{"value":{"fpVal":68}}],"originDataSourceId":"","endTimeNanos":1639799013281000000,"dataTypeName":"com.google.heart_rate.bpm","startTimeNanos":1639799013281000000,"modifiedTimeMillis":1639801385439,"rawTimestampNanos":0},
        {"fitValue":[{"value":{"fpVal":68}}],"originDataSourceId":"","endTimeNanos":1639799016082000000,"dataTypeName":"com.google.heart_rate.bpm","startTimeNanos":1639799016082000000,"modifiedTimeMillis":1639801385439,"rawTimestampNanos":0},
        {"fitValue":[{"value":{"fpVal":69}}],"originDataSourceId":"","endTimeNanos":1639801840709000000,"dataTypeName":"com.google.heart_rate.bpm","startTimeNanos":1639801840709000000,"modifiedTimeMillis":1639805252620,"rawTimestampNanos":0},
        {"fitValue":[{"value":{"fpVal":69}}],"originDataSourceId":"","endTimeNanos":1639801844861000000,"dataTypeName":"com.google.heart_rate.bpm","startTimeNanos":1639801844861000000,"modifiedTimeMillis":1639805252620,"rawTimestampNanos":0},
        {"fitValue":[{"value":{"fpVal":69}}],"originDataSourceId":"","endTimeNanos":1639801847478000000,"dataTypeName":"com.google.heart_rate.bpm","startTimeNanos":1639801847478000000,"modifiedTimeMillis":1639805252620,"rawTimestampNanos":0},
        {"fitValue":[{"value":{"fpVal":69}}],"originDataSourceId":"","endTimeNanos":1639801849639000000,"dataTypeName":"com.google.heart_rate.bpm","startTimeNanos":1639801849639000000,"modifiedTimeMillis":1639805252620,"rawTimestampNanos":0},
        {"fitValue":[{"value":{"fpVal":74}}],"originDataSourceId":"","endTimeNanos":1639804149379000000,"dataTypeName":"com.google.heart_rate.bpm","startTimeNanos":1639804149379000000,"modifiedTimeMillis":1639805252620,"rawTimestampNanos":0},
        {"fitValue":[{"value":{"fpVal":74}}],"originDataSourceId":"","endTimeNanos":1639804152692000000,"dataTypeName":"com.google.heart_rate.bpm","startTimeNanos":1639804152692000000,"modifiedTimeMillis":1639805252620,"rawTimestampNanos":0},
        {"fitValue":[{"value":{"fpVal":74}}],"originDataSourceId":"","endTimeNanos":1639804154662000000,"dataTypeName":"com.google.heart_rate.bpm","startTimeNanos":1639804154662000000,"modifiedTimeMillis":1639805252620,"rawTimestampNanos":0},
        {"fitValue":[{"value":{"fpVal":74}}],"originDataSourceId":"","endTimeNanos":1639804156508000000,"dataTypeName":"com.google.heart_rate.bpm","startTimeNanos":1639804156508000000,"modifiedTimeMillis":1639805252620,"rawTimestampNanos":0},
        {"fitValue":[{"value":{"fpVal":75}}],"originDataSourceId":"","endTimeNanos":1639808500068000000,"dataTypeName":"com.google.heart_rate.bpm","startTimeNanos":1639808500068000000,"modifiedTimeMillis":1639808860306,"rawTimestampNanos":0},
        {"fitValue":[{"value":{"fpVal":75}}],"originDataSourceId":"","endTimeNanos":1639808503033000000,"dataTypeName":"com.google.heart_rate.bpm","startTimeNanos":1639808503033000000,"modifiedTimeMillis":1639808860306,"rawTimestampNanos":0},
        {"fitValue":[{"value":{"fpVal":75}}],"originDataSourceId":"","endTimeNanos":1639808506542000000,"dataTypeName":"com.google.heart_rate.bpm","startTimeNanos":1639808506542000000,"modifiedTimeMillis":1639808860306,"rawTimestampNanos":0},
        {"fitValue":[{"value":{"fpVal":74}}],"originDataSourceId":"","endTimeNanos":1639811470126000000,"dataTypeName":"com.google.heart_rate.bpm","startTimeNanos":1639811470126000000,"modifiedTimeMillis":1639812415348,"rawTimestampNanos":0},
        {"fitValue":[{"value":{"fpVal":74}}],"originDataSourceId":"","endTimeNanos":1639811472843000000,"dataTypeName":"com.google.heart_rate.bpm","startTimeNanos":1639811472843000000,"modifiedTimeMillis":1639812415348,"rawTimestampNanos":0},
        {"fitValue":[{"value":{"fpVal":74}}],"originDataSourceId":"","endTimeNanos":1639811475215000000,"dataTypeName":"com.google.heart_rate.bpm","startTimeNanos":1639811475215000000,"modifiedTimeMillis":1639812415348,"rawTimestampNanos":0},
        {"fitValue":[{"value":{"fpVal":75}}],"originDataSourceId":"","endTimeNanos":1639812272607000000,"dataTypeName":"com.google.heart_rate.bpm","startTimeNanos":1639812272607000000,"modifiedTimeMillis":1639812415348,"rawTimestampNanos":0},
        {"fitValue":[{"value":{"fpVal":75}}],"originDataSourceId":"","endTimeNanos":1639812275719000000,"dataTypeName":"com.google.heart_rate.bpm","startTimeNanos":1639812275719000000,"modifiedTimeMillis":1639812415348,"rawTimestampNanos":0},
        {"fitValue":[{"value":{"fpVal":75}}],"originDataSourceId":"","endTimeNanos":1639812278197000000,"dataTypeName":"com.google.heart_rate.bpm","startTimeNanos":1639812278197000000,"modifiedTimeMillis":1639812415348,"rawTimestampNanos":0},
        {"fitValue":[{"value":{"fpVal":75}}],"originDataSourceId":"","endTimeNanos":1639812280830000000,"dataTypeName":"com.google.heart_rate.bpm","startTimeNanos":1639812280830000000,"modifiedTimeMillis":1639812415348,"rawTimestampNanos":0},
        {"fitValue":[{"value":{"fpVal":75}}],"originDataSourceId":"","endTimeNanos":1639812282740000000,"dataTypeName":"com.google.heart_rate.bpm","startTimeNanos":1639812282740000000,"modifiedTimeMillis":1639812415348,"rawTimestampNanos":0},
        {"fitValue":[{"value":{"fpVal":77}}],"originDataSourceId":"","endTimeNanos":1639830781112000000,"dataTypeName":"com.google.heart_rate.bpm","startTimeNanos":1639830781112000000,"modifiedTimeMillis":1639834135052,"rawTimestampNanos":0},
        {"fitValue":[{"value":{"fpVal":77}}],"originDataSourceId":"","endTimeNanos":1639830784485000000,"dataTypeName":"com.google.heart_rate.bpm","startTimeNanos":1639830784485000000,"modifiedTimeMillis":1639834135052,"rawTimestampNanos":0},
        {"fitValue":[{"value":{"fpVal":77}}],"originDataSourceId":"","endTimeNanos":1639830786895000000,"dataTypeName":"com.google.heart_rate.bpm","startTimeNanos":1639830786895000000,"modifiedTimeMillis":1639834135052,"rawTimestampNanos":0},
        {"fitValue":[{"value":{"fpVal":80}}],"originDataSourceId":"","endTimeNanos":1639835021163000000,"dataTypeName":"com.google.heart_rate.bpm","startTimeNanos":1639835021163000000,"modifiedTimeMillis":1639838259087,"rawTimestampNanos":0},
        {"fitValue":[{"value":{"fpVal":80}}],"originDataSourceId":"","endTimeNanos":1639835024716000000,"dataTypeName":"com.google.heart_rate.bpm","startTimeNanos":1639835024716000000,"modifiedTimeMillis":1639838259087,"rawTimestampNanos":0},
        {"fitValue":[{"value":{"fpVal":80}}],"originDataSourceId":"","endTimeNanos":1639835028032000000,"dataTypeName":"com.google.heart_rate.bpm","startTimeNanos":1639835028032000000,"modifiedTimeMillis":1639838259087,"rawTimestampNanos":0},
        {"fitValue":[{"value":{"fpVal":83}}],"originDataSourceId":"","endTimeNanos":1639855129319000000,"dataTypeName":"com.google.heart_rate.bpm","startTimeNanos":1639855129319000000,"modifiedTimeMillis":1639856543281,"rawTimestampNanos":0},
        {"fitValue":[{"value":{"fpVal":81}}],"originDataSourceId":"","endTimeNanos":1639855129542000000,"dataTypeName":"com.google.heart_rate.bpm","startTimeNanos":1639855129542000000,"modifiedTimeMillis":1639856543281,"rawTimestampNanos":0},
        {"fitValue":[{"value":{"fpVal":83}}],"originDataSourceId":"","endTimeNanos":1639855132608000000,"dataTypeName":"com.google.heart_rate.bpm","startTimeNanos":1639855132608000000,"modifiedTimeMillis":1639856543281,"rawTimestampNanos":0},
        {"fitValue":[{"value":{"fpVal":83}}],"originDataSourceId":"","endTimeNanos":1639855133575000000,"dataTypeName":"com.google.heart_rate.bpm","startTimeNanos":1639855133575000000,"modifiedTimeMillis":1639856543281,"rawTimestampNanos":0},
        {"fitValue":[{"value":{"fpVal":82}}],"originDataSourceId":"","endTimeNanos":1639858536119000000,"dataTypeName":"com.google.heart_rate.bpm","startTimeNanos":1639858536119000000,"modifiedTimeMillis":1639860146359,"rawTimestampNanos":0},
        {"fitValue":[{"value":{"fpVal":82}}],"originDataSourceId":"","endTimeNanos":1639858538732000000,"dataTypeName":"com.google.heart_rate.bpm","startTimeNanos":1639858538732000000,"modifiedTimeMillis":1639860146359,"rawTimestampNanos":0},
        {"fitValue":[{"value":{"fpVal":82}}],"originDataSourceId":"","endTimeNanos":1639858540681000000,"dataTypeName":"com.google.heart_rate.bpm","startTimeNanos":1639858540681000000,"modifiedTimeMillis":1639860146359,"rawTimestampNanos":0},
        {"fitValue":[{"value":{"fpVal":82}}],"originDataSourceId":"","endTimeNanos":1639858542187000000,"dataTypeName":"com.google.heart_rate.bpm","startTimeNanos":1639858542187000000,"modifiedTimeMillis":1639860146359,"rawTimestampNanos":0},
        {"fitValue":[{"value":{"fpVal":81}}],"originDataSourceId":"","endTimeNanos":1639887300816000000,"dataTypeName":"com.google.heart_rate.bpm","startTimeNanos":1639887300816000000,"modifiedTimeMillis":1639887499741,"rawTimestampNanos":0},
        {"fitValue":[{"value":{"fpVal":81}}],"originDataSourceId":"","endTimeNanos":1639887302781000000,"dataTypeName":"com.google.heart_rate.bpm","startTimeNanos":1639887302781000000,"modifiedTimeMillis":1639887499741,"rawTimestampNanos":0},
        {"fitValue":[{"value":{"fpVal":82}}],"originDataSourceId":"","endTimeNanos":1639894128660000000,"dataTypeName":"com.google.heart_rate.bpm","startTimeNanos":1639894128660000000,"modifiedTimeMillis":1639894649203,"rawTimestampNanos":0},
        {"fitValue":[{"value":{"fpVal":83}}],"originDataSourceId":"","endTimeNanos":1639903717582000000,"dataTypeName":"com.google.heart_rate.bpm","startTimeNanos":1639903717582000000,"modifiedTimeMillis":1639904325119,"rawTimestampNanos":0},
        {"fitValue":[{"value":{"fpVal":83}}],"originDataSourceId":"","endTimeNanos":1639903720511000000,"dataTypeName":"com.google.heart_rate.bpm","startTimeNanos":1639903720511000000,"modifiedTimeMillis":1639904325119,"rawTimestampNanos":0},
        {"fitValue":[{"value":{"fpVal":83}}],"originDataSourceId":"","endTimeNanos":1639903722829000000,"dataTypeName":"com.google.heart_rate.bpm","startTimeNanos":1639903722829000000,"modifiedTimeMillis":1639904325119,"rawTimestampNanos":0},
        {"fitValue":[{"value":{"fpVal":83}}],"originDataSourceId":"","endTimeNanos":1639903725503000000,"dataTypeName":"com.google.heart_rate.bpm","startTimeNanos":1639903725503000000,"modifiedTimeMillis":1639904325119,"rawTimestampNanos":0},
        {"fitValue":[{"value":{"fpVal":85}}],"originDataSourceId":"","endTimeNanos":1639918436684000000,"dataTypeName":"com.google.heart_rate.bpm","startTimeNanos":1639918436684000000,"modifiedTimeMillis":1639918541652,"rawTimestampNanos":0},
        {"fitValue":[{"value":{"fpVal":85}}],"originDataSourceId":"","endTimeNanos":1639918439045000000,"dataTypeName":"com.google.heart_rate.bpm","startTimeNanos":1639918439045000000,"modifiedTimeMillis":1639918541652,"rawTimestampNanos":0},
        {"fitValue":[{"value":{"fpVal":84}}],"originDataSourceId":"","endTimeNanos":1639929714352000000,"dataTypeName":"com.google.heart_rate.bpm","startTimeNanos":1639929714352000000,"modifiedTimeMillis":1639931234073,"rawTimestampNanos":0},
        {"fitValue":[{"value":{"fpVal":84}}],"originDataSourceId":"","endTimeNanos":1639929718256000000,"dataTypeName":"com.google.heart_rate.bpm","startTimeNanos":1639929718256000000,"modifiedTimeMillis":1639931234073,"rawTimestampNanos":0},
        {"fitValue":[{"value":{"fpVal":84}}],"originDataSourceId":"","endTimeNanos":1639929720987000000,"dataTypeName":"com.google.heart_rate.bpm","startTimeNanos":1639929720987000000,"modifiedTimeMillis":1639931234073,"rawTimestampNanos":0},
        {"fitValue":[{"value":{"fpVal":84}}],"originDataSourceId":"","endTimeNanos":1639929724147000000,"dataTypeName":"com.google.heart_rate.bpm","startTimeNanos":1639929724147000000,"modifiedTimeMillis":1639931234073,"rawTimestampNanos":0},
        {"fitValue":[{"value":{"fpVal":84}}],"originDataSourceId":"","endTimeNanos":1639929726380000000,"dataTypeName":"com.google.heart_rate.bpm","startTimeNanos":1639929726380000000,"modifiedTimeMillis":1639931234073,"rawTimestampNanos":0},
        {"fitValue":[{"value":{"fpVal":71}}],"originDataSourceId":"","endTimeNanos":1639962277476000000,"dataTypeName":"com.google.heart_rate.bpm","startTimeNanos":1639962277476000000,"modifiedTimeMillis":1639964920483,"rawTimestampNanos":0},
        {"fitValue":[{"value":{"fpVal":83}}],"originDataSourceId":"","endTimeNanos":1639962278049000000,"dataTypeName":"com.google.heart_rate.bpm","startTimeNanos":1639962278049000000,"modifiedTimeMillis":1639964920483,"rawTimestampNanos":0},
        {"fitValue":[{"value":{"fpVal":71}}],"originDataSourceId":"","endTimeNanos":1639962282209000000,"dataTypeName":"com.google.heart_rate.bpm","startTimeNanos":1639962282209000000,"modifiedTimeMillis":1639964920483,"rawTimestampNanos":0},
        {"fitValue":[{"value":{"fpVal":71}}],"originDataSourceId":"","endTimeNanos":1639962283871000000,"dataTypeName":"com.google.heart_rate.bpm","startTimeNanos":1639962283871000000,"modifiedTimeMillis":1639964920483,"rawTimestampNanos":0},
        {"fitValue":[{"value":{"fpVal":71}}],"originDataSourceId":"","endTimeNanos":1639962285937000000,"dataTypeName":"com.google.heart_rate.bpm","startTimeNanos":1639962285937000000,"modifiedTimeMillis":1639964920483,"rawTimestampNanos":0},
        {"fitValue":[{"value":{"fpVal":71}}],"originDataSourceId":"","endTimeNanos":1639962287481000000,"dataTypeName":"com.google.heart_rate.bpm","startTimeNanos":1639962287481000000,"modifiedTimeMillis":1639964920483,"rawTimestampNanos":0},
        {"fitValue":[{"value":{"fpVal":79}}],"originDataSourceId":"","endTimeNanos":1639966285266000000,"dataTypeName":"com.google.heart_rate.bpm","startTimeNanos":1639966285266000000,"modifiedTimeMillis":1639968820129,"rawTimestampNanos":0},
        {"fitValue":[{"value":{"fpVal":79}}],"originDataSourceId":"","endTimeNanos":1639966289057000000,"dataTypeName":"com.google.heart_rate.bpm","startTimeNanos":1639966289057000000,"modifiedTimeMillis":1639968820129,"rawTimestampNanos":0},
        {"fitValue":[{"value":{"fpVal":79}}],"originDataSourceId":"","endTimeNanos":1639966291321000000,"dataTypeName":"com.google.heart_rate.bpm","startTimeNanos":1639966291321000000,"modifiedTimeMillis":1639968820129,"rawTimestampNanos":0},
        {"fitValue":[{"value":{"fpVal":79}}],"originDataSourceId":"","endTimeNanos":1639969219224000000,"dataTypeName":"com.google.heart_rate.bpm","startTimeNanos":1639969219224000000,"modifiedTimeMillis":1639971489124,"rawTimestampNanos":0},
        {"fitValue":[{"value":{"fpVal":78}}],"originDataSourceId":"","endTimeNanos":1639976797340000000,"dataTypeName":"com.google.heart_rate.bpm","startTimeNanos":1639976797340000000,"modifiedTimeMillis":1639979345918,"rawTimestampNanos":0},
        {"fitValue":[{"value":{"fpVal":78}}],"originDataSourceId":"","endTimeNanos":1639976806840000000,"dataTypeName":"com.google.heart_rate.bpm","startTimeNanos":1639976806840000000,"modifiedTimeMillis":1639979345918,"rawTimestampNanos":0},
        {"fitValue":[{"value":{"fpVal":77}}],"originDataSourceId":"","endTimeNanos":1639989471739000000,"dataTypeName":"com.google.heart_rate.bpm","startTimeNanos":1639989471739000000,"modifiedTimeMillis":1639990004875,"rawTimestampNanos":0},
        {"fitValue":[{"value":{"fpVal":77}}],"originDataSourceId":"","endTimeNanos":1639989476133000000,"dataTypeName":"com.google.heart_rate.bpm","startTimeNanos":1639989476133000000,"modifiedTimeMillis":1639990004875,"rawTimestampNanos":0},
        {"fitValue":[{"value":{"fpVal":81}}],"originDataSourceId":"","endTimeNanos":1640005139399000000,"dataTypeName":"com.google.heart_rate.bpm","startTimeNanos":1640005139399000000,"modifiedTimeMillis":1640005668453,"rawTimestampNanos":0},
        {"fitValue":[{"value":{"fpVal":81}}],"originDataSourceId":"","endTimeNanos":1640005142607000000,"dataTypeName":"com.google.heart_rate.bpm","startTimeNanos":1640005142607000000,"modifiedTimeMillis":1640005668453,"rawTimestampNanos":0},
        {"fitValue":[{"value":{"fpVal":81}}],"originDataSourceId":"","endTimeNanos":1640005144464000000,"dataTypeName":"com.google.heart_rate.bpm","startTimeNanos":1640005144464000000,"modifiedTimeMillis":1640005668453,"rawTimestampNanos":0},
        {"fitValue":[{"value":{"fpVal":81}}],"originDataSourceId":"","endTimeNanos":1640005146205000000,"dataTypeName":"com.google.heart_rate.bpm","startTimeNanos":1640005146205000000,"modifiedTimeMillis":1640005668453,"rawTimestampNanos":0},
        {"fitValue":[{"value":{"fpVal":81}}],"originDataSourceId":"","endTimeNanos":1640005147960000000,"dataTypeName":"com.google.heart_rate.bpm","startTimeNanos":1640005147960000000,"modifiedTimeMillis":1640005668453,"rawTimestampNanos":0},
        {"fitValue":[{"value":{"fpVal":77}}],"originDataSourceId":"","endTimeNanos":1640048607504000000,"dataTypeName":"com.google.heart_rate.bpm","startTimeNanos":1640048607504000000,"modifiedTimeMillis":1640048943747,"rawTimestampNanos":0},
        {"fitValue":[{"value":{"fpVal":80}}],"originDataSourceId":"","endTimeNanos":1640048608056000000,"dataTypeName":"com.google.heart_rate.bpm","startTimeNanos":1640048608056000000,"modifiedTimeMillis":1640048943747,"rawTimestampNanos":0},
        {"fitValue":[{"value":{"fpVal":77}}],"originDataSourceId":"","endTimeNanos":1640048612400000000,"dataTypeName":"com.google.heart_rate.bpm","startTimeNanos":1640048612400000000,"modifiedTimeMillis":1640048943747,"rawTimestampNanos":0},
        {"fitValue":[{"value":{"fpVal":77}}],"originDataSourceId":"","endTimeNanos":1640048614229000000,"dataTypeName":"com.google.heart_rate.bpm","startTimeNanos":1640048614229000000,"modifiedTimeMillis":1640048943747,"rawTimestampNanos":0},
        {"fitValue":[{"value":{"fpVal":84}}],"originDataSourceId":"","endTimeNanos":1640054559669000000,"dataTypeName":"com.google.heart_rate.bpm","startTimeNanos":1640054559669000000,"modifiedTimeMillis":1640056733344,"rawTimestampNanos":0},
        {"fitValue":[{"value":{"fpVal":84}}],"originDataSourceId":"","endTimeNanos":1640054563329000000,"dataTypeName":"com.google.heart_rate.bpm","startTimeNanos":1640054563329000000,"modifiedTimeMillis":1640056733344,"rawTimestampNanos":0},
        {"fitValue":[{"value":{"fpVal":84}}],"originDataSourceId":"","endTimeNanos":1640056215538000000,"dataTypeName":"com.google.heart_rate.bpm","startTimeNanos":1640056215538000000,"modifiedTimeMillis":1640056733344,"rawTimestampNanos":0},
        {"fitValue":[{"value":{"fpVal":84}}],"originDataSourceId":"","endTimeNanos":1640056217839000000,"dataTypeName":"com.google.heart_rate.bpm","startTimeNanos":1640056217839000000,"modifiedTimeMillis":1640056733344,"rawTimestampNanos":0},
        {"fitValue":[{"value":{"fpVal":107}}],"originDataSourceId":"","endTimeNanos":1640087420353000000,"dataTypeName":"com.google.heart_rate.bpm","startTimeNanos":1640087420353000000,"modifiedTimeMillis":1640089317852,"rawTimestampNanos":0},
        {"fitValue":[{"value":{"fpVal":110}}],"originDataSourceId":"","endTimeNanos":1640087437190000000,"dataTypeName":"com.google.heart_rate.bpm","startTimeNanos":1640087437190000000,"modifiedTimeMillis":1640089317852,"rawTimestampNanos":0},
        {"fitValue":[{"value":{"fpVal":84}}],"originDataSourceId":"","endTimeNanos":1640089811868000000,"dataTypeName":"com.google.heart_rate.bpm","startTimeNanos":1640089811868000000,"modifiedTimeMillis":1640089967355,"rawTimestampNanos":0},
        {"fitValue":[{"value":{"fpVal":84}}],"originDataSourceId":"","endTimeNanos":1640089814448000000,"dataTypeName":"com.google.heart_rate.bpm","startTimeNanos":1640089814448000000,"modifiedTimeMillis":1640089967355,"rawTimestampNanos":0},
        {"fitValue":[{"value":{"fpVal":84}}],"originDataSourceId":"","endTimeNanos":1640089815922000000,"dataTypeName":"com.google.heart_rate.bpm","startTimeNanos":1640089815922000000,"modifiedTimeMillis":1640089967355,"rawTimestampNanos":0},
        {"fitValue":[{"value":{"fpVal":76}}],"originDataSourceId":"","endTimeNanos":1640135082485000000,"dataTypeName":"com.google.heart_rate.bpm","startTimeNanos":1640135082485000000,"modifiedTimeMillis":1640138329226,"rawTimestampNanos":0},
        {"fitValue":[{"value":{"fpVal":81}}],"originDataSourceId":"","endTimeNanos":1640135082965000000,"dataTypeName":"com.google.heart_rate.bpm","startTimeNanos":1640135082965000000,"modifiedTimeMillis":1640138329226,"rawTimestampNanos":0},
        {"fitValue":[{"value":{"fpVal":76}}],"originDataSourceId":"","endTimeNanos":1640135085588000000,"dataTypeName":"com.google.heart_rate.bpm","startTimeNanos":1640135085588000000,"modifiedTimeMillis":1640138329226,"rawTimestampNanos":0},
        {"fitValue":[{"value":{"fpVal":76}}],"originDataSourceId":"","endTimeNanos":1640135086987000000,"dataTypeName":"com.google.heart_rate.bpm","startTimeNanos":1640135086987000000,"modifiedTimeMillis":1640138329226,"rawTimestampNanos":0},
        {"fitValue":[{"value":{"fpVal":76}}],"originDataSourceId":"","endTimeNanos":1640135088299000000,"dataTypeName":"com.google.heart_rate.bpm","startTimeNanos":1640135088299000000,"modifiedTimeMillis":1640138329226,"rawTimestampNanos":0},
        {"fitValue":[{"value":{"fpVal":81}}],"originDataSourceId":"","endTimeNanos":1640139051219000000,"dataTypeName":"com.google.heart_rate.bpm","startTimeNanos":1640139051219000000,"modifiedTimeMillis":1640141920304,"rawTimestampNanos":0},
        {"fitValue":[{"value":{"fpVal":81}}],"originDataSourceId":"","endTimeNanos":1640139053683000000,"dataTypeName":"com.google.heart_rate.bpm","startTimeNanos":1640139053683000000,"modifiedTimeMillis":1640141920304,"rawTimestampNanos":0},
        {"fitValue":[{"value":{"fpVal":81}}],"originDataSourceId":"","endTimeNanos":1640139055577000000,"dataTypeName":"com.google.heart_rate.bpm","startTimeNanos":1640139055577000000,"modifiedTimeMillis":1640141920304,"rawTimestampNanos":0},
        {"fitValue":[{"value":{"fpVal":83}}],"originDataSourceId":"","endTimeNanos":1640172019492000000,"dataTypeName":"com.google.heart_rate.bpm","startTimeNanos":1640172019492000000,"modifiedTimeMillis":1640174695205,"rawTimestampNanos":0},
        {"fitValue":[{"value":{"fpVal":83}}],"originDataSourceId":"","endTimeNanos":1640172022579000000,"dataTypeName":"com.google.heart_rate.bpm","startTimeNanos":1640172022579000000,"modifiedTimeMillis":1640174695205,"rawTimestampNanos":0},
        {"fitValue":[{"value":{"fpVal":84}}],"originDataSourceId":"","endTimeNanos":1640172547506000000,"dataTypeName":"com.google.heart_rate.bpm","startTimeNanos":1640172547506000000,"modifiedTimeMillis":1640174695205,"rawTimestampNanos":0},
        {"fitValue":[{"value":{"fpVal":84}}],"originDataSourceId":"","endTimeNanos":1640172551349000000,"dataTypeName":"com.google.heart_rate.bpm","startTimeNanos":1640172551349000000,"modifiedTimeMillis":1640174695205,"rawTimestampNanos":0},
        {"fitValue":[{"value":{"fpVal":83}}],"originDataSourceId":"","endTimeNanos":1640175107673000000,"dataTypeName":"com.google.heart_rate.bpm","startTimeNanos":1640175107673000000,"modifiedTimeMillis":1640177322810,"rawTimestampNanos":0},
        {"fitValue":[{"value":{"fpVal":83}}],"originDataSourceId":"","endTimeNanos":1640175111643000000,"dataTypeName":"com.google.heart_rate.bpm","startTimeNanos":1640175111643000000,"modifiedTimeMillis":1640177322810,"rawTimestampNanos":0},
        {"fitValue":[{"value":{"fpVal":83}}],"originDataSourceId":"","endTimeNanos":1640175113748000000,"dataTypeName":"com.google.heart_rate.bpm","startTimeNanos":1640175113748000000,"modifiedTimeMillis":1640177322810,"rawTimestampNanos":0},
        {"fitValue":[{"value":{"fpVal":83}}],"originDataSourceId":"","endTimeNanos":1640175116734000000,"dataTypeName":"com.google.heart_rate.bpm","startTimeNanos":1640175116734000000,"modifiedTimeMillis":1640177322810,"rawTimestampNanos":0},
        {"fitValue":[{"value":{"fpVal":78}}],"originDataSourceId":"","endTimeNanos":1640221836921000000,"dataTypeName":"com.google.heart_rate.bpm","startTimeNanos":1640221836921000000,"modifiedTimeMillis":1640225256108,"rawTimestampNanos":0},
        {"fitValue":[{"value":{"fpVal":78}}],"originDataSourceId":"","endTimeNanos":1640221840819000000,"dataTypeName":"com.google.heart_rate.bpm","startTimeNanos":1640221840819000000,"modifiedTimeMillis":1640225256108,"rawTimestampNanos":0},
        {"fitValue":[{"value":{"fpVal":78}}],"originDataSourceId":"","endTimeNanos":1640221842512000000,"dataTypeName":"com.google.heart_rate.bpm","startTimeNanos":1640221842512000000,"modifiedTimeMillis":1640225256108,"rawTimestampNanos":0}
    ]
}