{
    "Data Source": "raw:com.google.sleep.segment:com.noisefit:noise_activity sleep",
    "Data Points": [
        {"fitValue":[{"value":{"intVal":5}}],"originDataSourceId":"","endTimeNanos":1639683840000000000,"dataTypeName":"com.google.sleep.segment","startTimeNanos":1639683240000000000,"modifiedTimeMillis":1639702343263,"rawTimestampNanos":0},
        {"fitValue":[{"value":{"intVal":4}}],"originDataSourceId":"","endTimeNanos":1639684680000000000,"dataTypeName":"com.google.sleep.segment","startTimeNanos":1639683840000000000,"modifiedTimeMillis":1639702343263,"rawTimestampNanos":0},
        {"fitValue":[{"value":{"intVal":5}}],"originDataSourceId":"","endTimeNanos":1639687860000000000,"dataTypeName":"com.google.sleep.segment","startTimeNanos":1639687140000000000,"modifiedTimeMillis":1639801385437,"rawTimestampNanos":0},
        {"fitValue":[{"value":{"intVal":4}}],"originDataSourceId":"","endTimeNanos":1639690380000000000,"dataTypeName":"com.google.sleep.segment","startTimeNanos":1639687860000000000,"modifiedTimeMillis":1639801385437,"rawTimestampNanos":0},
        {"fitValue":[{"value":{"intVal":5}}],"originDataSourceId":"","endTimeNanos":1639690920000000000,"dataTypeName":"com.google.sleep.segment","startTimeNanos":1639690380000000000,"modifiedTimeMillis":1639801385437,"rawTimestampNanos":0},
        {"fitValue":[{"value":{"intVal":4}}],"originDataSourceId":"","endTimeNanos":1639693080000000000,"dataTypeName":"com.google.sleep.segment","startTimeNanos":1639690920000000000,"modifiedTimeMillis":1639801385437,"rawTimestampNanos":0},
        {"fitValue":[{"value":{"intVal":1}}],"originDataSourceId":"","endTimeNanos":1639693860000000000,"dataTypeName":"com.google.sleep.segment","startTimeNanos":1639684680000000000,"modifiedTimeMillis":1639702343263,"rawTimestampNanos":0},
        {"fitValue":[{"value":{"intVal":5}}],"originDataSourceId":"","endTimeNanos":1639695120000000000,"dataTypeName":"com.google.sleep.segment","startTimeNanos":1639693080000000000,"modifiedTimeMillis":1639801385437,"rawTimestampNanos":0},
        {"fitValue":[{"value":{"intVal":4}}],"originDataSourceId":"","endTimeNanos":1639695540000000000,"dataTypeName":"com.google.sleep.segment","startTimeNanos":1639693860000000000,"modifiedTimeMillis":1639702343263,"rawTimestampNanos":0},
        {"fitValue":[{"value":{"intVal":5}}],"originDataSourceId":"","endTimeNanos":1639695960000000000,"dataTypeName":"com.google.sleep.segment","startTimeNanos":1639695540000000000,"modifiedTimeMillis":1639702343263,"rawTimestampNanos":0},
        {"fitValue":[{"value":{"intVal":4}}],"originDataSourceId":"","endTimeNanos":1639697280000000000,"dataTypeName":"com.google.sleep.segment","startTimeNanos":1639695120000000000,"modifiedTimeMillis":1639801385437,"rawTimestampNanos":0},
        {"fitValue":[{"value":{"intVal":4}}],"originDataSourceId":"","endTimeNanos":1639697700000000000,"dataTypeName":"com.google.sleep.segment","startTimeNanos":1639695960000000000,"modifiedTimeMillis":1639702343263,"rawTimestampNanos":0},
        {"fitValue":[{"value":{"intVal":5}}],"originDataSourceId":"","endTimeNanos":1639698180000000000,"dataTypeName":"com.google.sleep.segment","startTimeNanos":1639697700000000000,"modifiedTimeMillis":1639702343263,"rawTimestampNanos":0},
        {"fitValue":[{"value":{"intVal":1}}],"originDataSourceId":"","endTimeNanos":1639698240000000000,"dataTypeName":"com.google.sleep.segment","startTimeNanos":1639697280000000000,"modifiedTimeMillis":1639801385437,"rawTimestampNanos":0},
        {"fitValue":[{"value":{"intVal":4}}],"originDataSourceId":"","endTimeNanos":1639699200000000000,"dataTypeName":"com.google.sleep.segment","startTimeNanos":1639698180000000000,"modifiedTimeMillis":1639702343263,"rawTimestampNanos":0},
        {"fitValue":[{"value":{"intVal":4}}],"originDataSourceId":"","endTimeNanos":1639700160000000000,"dataTypeName":"com.google.sleep.segment","startTimeNanos":1639698240000000000,"modifiedTimeMillis":1639801385437,"rawTimestampNanos":0},
        {"fitValue":[{"value":{"intVal":5}}],"originDataSourceId":"","endTimeNanos":1639700760000000000,"dataTypeName":"com.google.sleep.segment","startTimeNanos":1639700160000000000,"modifiedTimeMillis":1639801385437,"rawTimestampNanos":0},
        {"fitValue":[{"value":{"intVal":1}}],"originDataSourceId":"","endTimeNanos":1639701840000000000,"dataTypeName":"com.google.sleep.segment","startTimeNanos":1639699200000000000,"modifiedTimeMillis":1639713921255,"rawTimestampNanos":0},
        {"fitValue":[{"value":{"intVal":4}}],"originDataSourceId":"","endTimeNanos":1639703580000000000,"dataTypeName":"com.google.sleep.segment","startTimeNanos":1639701840000000000,"modifiedTimeMillis":1639713921255,"rawTimestampNanos":0},
        {"fitValue":[{"value":{"intVal":4}}],"originDataSourceId":"","endTimeNanos":1639703940000000000,"dataTypeName":"com.google.sleep.segment","startTimeNanos":1639700760000000000,"modifiedTimeMillis":1639801385437,"rawTimestampNanos":0},
        {"fitValue":[{"value":{"intVal":5}}],"originDataSourceId":"","endTimeNanos":1639704420000000000,"dataTypeName":"com.google.sleep.segment","startTimeNanos":1639703580000000000,"modifiedTimeMillis":1639713921255,"rawTimestampNanos":0},
        {"fitValue":[{"value":{"intVal":4}}],"originDataSourceId":"","endTimeNanos":1639706160000000000,"dataTypeName":"com.google.sleep.segment","startTimeNanos":1639704420000000000,"modifiedTimeMillis":1639801385437,"rawTimestampNanos":0},
        {"fitValue":[{"value":{"intVal":5}}],"originDataSourceId":"","endTimeNanos":1639706820000000000,"dataTypeName":"com.google.sleep.segment","startTimeNanos":1639706160000000000,"modifiedTimeMillis":1639801385437,"rawTimestampNanos":0},
        {"fitValue":[{"value":{"intVal":4}}],"originDataSourceId":"","endTimeNanos":1639706880000000000,"dataTypeName":"com.google.sleep.segment","startTimeNanos":1639704420000000000,"modifiedTimeMillis":1639713921255,"rawTimestampNanos":0},
        {"fitValue":[{"value":{"intVal":5}}],"originDataSourceId":"","endTimeNanos":1639707420000000000,"dataTypeName":"com.google.sleep.segment","startTimeNanos":1639706880000000000,"modifiedTimeMillis":1639713921255,"rawTimestampNanos":0},
        {"fitValue":[{"value":{"intVal":4}}],"originDataSourceId":"","endTimeNanos":1639709160000000000,"dataTypeName":"com.google.sleep.segment","startTimeNanos":1639707420000000000,"modifiedTimeMillis":1639713921255,"rawTimestampNanos":0},
        {"fitValue":[{"value":{"intVal":4}}],"originDataSourceId":"","endTimeNanos":1639711860000000000,"dataTypeName":"com.google.sleep.segment","startTimeNanos":1639706820000000000,"modifiedTimeMillis":1639801385437,"rawTimestampNanos":0},
        {"fitValue":[{"value":{"intVal":4}}],"originDataSourceId":"","endTimeNanos":1639711980000000000,"dataTypeName":"com.google.sleep.segment","startTimeNanos":1639706820000000000,"modifiedTimeMillis":1639805252564,"rawTimestampNanos":0},
        {"fitValue":[{"value":{"intVal":5}}],"originDataSourceId":"","endTimeNanos":1639712580000000000,"dataTypeName":"com.google.sleep.segment","startTimeNanos":1639709160000000000,"modifiedTimeMillis":1639713921255,"rawTimestampNanos":0},
        {"fitValue":[{"value":{"intVal":4}}],"originDataSourceId":"","endTimeNanos":1639713060000000000,"dataTypeName":"com.google.sleep.segment","startTimeNanos":1639712580000000000,"modifiedTimeMillis":1639713921255,"rawTimestampNanos":0},
        {"fitValue":[{"value":{"intVal":4}}],"originDataSourceId":"","endTimeNanos":1639713480000000000,"dataTypeName":"com.google.sleep.segment","startTimeNanos":1639712580000000000,"modifiedTimeMillis":1639715990400,"rawTimestampNanos":0},
        {"fitValue":[{"value":{"intVal":5}}],"originDataSourceId":"","endTimeNanos":1639777680000000000,"dataTypeName":"com.google.sleep.segment","startTimeNanos":1639777140000000000,"modifiedTimeMillis":1639887499712,"rawTimestampNanos":0},
        {"fitValue":[{"value":{"intVal":4}}],"originDataSourceId":"","endTimeNanos":1639779660000000000,"dataTypeName":"com.google.sleep.segment","startTimeNanos":1639777680000000000,"modifiedTimeMillis":1639887499712,"rawTimestampNanos":0},
        {"fitValue":[{"value":{"intVal":1}}],"originDataSourceId":"","endTimeNanos":1639780500000000000,"dataTypeName":"com.google.sleep.segment","startTimeNanos":1639779660000000000,"modifiedTimeMillis":1639887499712,"rawTimestampNanos":0},
        {"fitValue":[{"value":{"intVal":4}}],"originDataSourceId":"","endTimeNanos":1639782240000000000,"dataTypeName":"com.google.sleep.segment","startTimeNanos":1639780500000000000,"modifiedTimeMillis":1639887499712,"rawTimestampNanos":0},
        {"fitValue":[{"value":{"intVal":5}}],"originDataSourceId":"","endTimeNanos":1639783140000000000,"dataTypeName":"com.google.sleep.segment","startTimeNanos":1639782240000000000,"modifiedTimeMillis":1639887499712,"rawTimestampNanos":0},
        {"fitValue":[{"value":{"intVal":4}}],"originDataSourceId":"","endTimeNanos":1639784880000000000,"dataTypeName":"com.google.sleep.segment","startTimeNanos":1639783140000000000,"modifiedTimeMillis":1639887499712,"rawTimestampNanos":0},
        {"fitValue":[{"value":{"intVal":5}}],"originDataSourceId":"","endTimeNanos":1639785480000000000,"dataTypeName":"com.google.sleep.segment","startTimeNanos":1639784880000000000,"modifiedTimeMillis":1639887499712,"rawTimestampNanos":0},
        {"fitValue":[{"value":{"intVal":4}}],"originDataSourceId":"","endTimeNanos":1639787220000000000,"dataTypeName":"com.google.sleep.segment","startTimeNanos":1639785480000000000,"modifiedTimeMillis":1639887499712,"rawTimestampNanos":0},
        {"fitValue":[{"value":{"intVal":5}}],"originDataSourceId":"","endTimeNanos":1639787940000000000,"dataTypeName":"com.google.sleep.segment","startTimeNanos":1639787220000000000,"modifiedTimeMillis":1639887499712,"rawTimestampNanos":0},
        {"fitValue":[{"value":{"intVal":4}}],"originDataSourceId":"","endTimeNanos":1639791720000000000,"dataTypeName":"com.google.sleep.segment","startTimeNanos":1639787940000000000,"modifiedTimeMillis":1639887499712,"rawTimestampNanos":0},
        {"fitValue":[{"value":{"intVal":5}}],"originDataSourceId":"","endTimeNanos":1639792380000000000,"dataTypeName":"com.google.sleep.segment","startTimeNanos":1639791720000000000,"modifiedTimeMillis":1639887499712,"rawTimestampNanos":0},
        {"fitValue":[{"value":{"intVal":4}}],"originDataSourceId":"","endTimeNanos":1639794000000000000,"dataTypeName":"com.google.sleep.segment","startTimeNanos":1639792380000000000,"modifiedTimeMillis":1639887499712,"rawTimestampNanos":0},
        {"fitValue":[{"value":{"intVal":5}}],"originDataSourceId":"","endTimeNanos":1639937580000000000,"dataTypeName":"com.google.sleep.segment","startTimeNanos":1639935960000000000,"modifiedTimeMillis":1639964920483,"rawTimestampNanos":0},
        {"fitValue":[{"value":{"intVal":4}}],"originDataSourceId":"","endTimeNanos":1639939620000000000,"dataTypeName":"com.google.sleep.segment","startTimeNanos":1639937580000000000,"modifiedTimeMillis":1639964920483,"rawTimestampNanos":0},
        {"fitValue":[{"value":{"intVal":5}}],"originDataSourceId":"","endTimeNanos":1639940340000000000,"dataTypeName":"com.google.sleep.segment","startTimeNanos":1639939620000000000,"modifiedTimeMillis":1639964920483,"rawTimestampNanos":0},
        {"fitValue":[{"value":{"intVal":4}}],"originDataSourceId":"","endTimeNanos":1639941660000000000,"dataTypeName":"com.google.sleep.segment","startTimeNanos":1639940340000000000,"modifiedTimeMillis":1639964920483,"rawTimestampNanos":0},
        {"fitValue":[{"value":{"intVal":1}}],"originDataSourceId":"","endTimeNanos":1639941840000000000,"dataTypeName":"com.google.sleep.segment","startTimeNanos":1639941660000000000,"modifiedTimeMillis":1639964920483,"rawTimestampNanos":0},
        {"fitValue":[{"value":{"intVal":4}}],"originDataSourceId":"","endTimeNanos":1639944660000000000,"dataTypeName":"com.google.sleep.segment","startTimeNanos":1639941840000000000,"modifiedTimeMillis":1639964920483,"rawTimestampNanos":0},
        {"fitValue":[{"value":{"intVal":5}}],"originDataSourceId":"","endTimeNanos":1639945380000000000,"dataTypeName":"com.google.sleep.segment","startTimeNanos":1639944660000000000,"modifiedTimeMillis":1639964920483,"rawTimestampNanos":0},
        {"fitValue":[{"value":{"intVal":4}}],"originDataSourceId":"","endTimeNanos":1639948080000000000,"dataTypeName":"com.google.sleep.segment","startTimeNanos":1639945380000000000,"modifiedTimeMillis":1639964920483,"rawTimestampNanos":0},
        {"fitValue":[{"value":{"intVal":5}}],"originDataSourceId":"","endTimeNanos":1639948620000000000,"dataTypeName":"com.google.sleep.segment","startTimeNanos":1639948080000000000,"modifiedTimeMillis":1639964920483,"rawTimestampNanos":0},
        {"fitValue":[{"value":{"intVal":4}}],"originDataSourceId":"","endTimeNanos":1639951200000000000,"dataTypeName":"com.google.sleep.segment","startTimeNanos":1639948620000000000,"modifiedTimeMillis":1639964920483,"rawTimestampNanos":0},
        {"fitValue":[{"value":{"intVal":5}}],"originDataSourceId":"","endTimeNanos":1639952460000000000,"dataTypeName":"com.google.sleep.segment","startTimeNanos":1639951200000000000,"modifiedTimeMillis":1639964920483,"rawTimestampNanos":0},
        {"fitValue":[{"value":{"intVal":4}}],"originDataSourceId":"","endTimeNanos":1639952820000000000,"dataTypeName":"com.google.sleep.segment","startTimeNanos":1639952460000000000,"modifiedTimeMillis":1639964920483,"rawTimestampNanos":0},
        {"fitValue":[{"value":{"intVal":1}}],"originDataSourceId":"","endTimeNanos":1639954800000000000,"dataTypeName":"com.google.sleep.segment","startTimeNanos":1639952820000000000,"modifiedTimeMillis":1639964920483,"rawTimestampNanos":0},
        {"fitValue":[{"value":{"intVal":4}}],"originDataSourceId":"","endTimeNanos":1639956480000000000,"dataTypeName":"com.google.sleep.segment","startTimeNanos":1639954800000000000,"modifiedTimeMillis":1639964920483,"rawTimestampNanos":0},
        {"fitValue":[{"value":{"intVal":5}}],"originDataSourceId":"","endTimeNanos":1639957080000000000,"dataTypeName":"com.google.sleep.segment","startTimeNanos":1639956480000000000,"modifiedTimeMillis":1639964920483,"rawTimestampNanos":0},
        {"fitValue":[{"value":{"intVal":4}}],"originDataSourceId":"","endTimeNanos":1639958040000000000,"dataTypeName":"com.google.sleep.segment","startTimeNanos":1639957080000000000,"modifiedTimeMillis":1639964920483,"rawTimestampNanos":0},
        {"fitValue":[{"value":{"intVal":1}}],"originDataSourceId":"","endTimeNanos":1639958940000000000,"dataTypeName":"com.google.sleep.segment","startTimeNanos":1639958040000000000,"modifiedTimeMillis":1639964920483,"rawTimestampNanos":0},
        {"fitValue":[{"value":{"intVal":4}}],"originDataSourceId":"","endTimeNanos":1639960740000000000,"dataTypeName":"com.google.sleep.segment","startTimeNanos":1639958940000000000,"modifiedTimeMillis":1639964920483,"rawTimestampNanos":0},
        {"fitValue":[{"value":{"intVal":5}}],"originDataSourceId":"","endTimeNanos":1639961460000000000,"dataTypeName":"com.google.sleep.segment","startTimeNanos":1639960740000000000,"modifiedTimeMillis":1639964920483,"rawTimestampNanos":0},
        {"fitValue":[{"value":{"intVal":4}}],"originDataSourceId":"","endTimeNanos":1639961700000000000,"dataTypeName":"com.google.sleep.segment","startTimeNanos":1639961460000000000,"modifiedTimeMillis":1639964920483,"rawTimestampNanos":0},
        {"fitValue":[{"value":{"intVal":4}}],"originDataSourceId":"","endTimeNanos":1639962540000000000,"dataTypeName":"com.google.sleep.segment","startTimeNanos":1639961460000000000,"modifiedTimeMillis":1639968820130,"rawTimestampNanos":0},
        {"fitValue":[{"value":{"intVal":5}}],"originDataSourceId":"","endTimeNanos":1640022540000000000,"dataTypeName":"com.google.sleep.segment","startTimeNanos":1640022060000000000,"modifiedTimeMillis":1640048943747,"rawTimestampNanos":0},
        {"fitValue":[{"value":{"intVal":4}}],"originDataSourceId":"","endTimeNanos":1640024280000000000,"dataTypeName":"com.google.sleep.segment","startTimeNanos":1640022540000000000,"modifiedTimeMillis":1640048943747,"rawTimestampNanos":0},
        {"fitValue":[{"value":{"intVal":5}}],"originDataSourceId":"","endTimeNanos":1640026020000000000,"dataTypeName":"com.google.sleep.segment","startTimeNanos":1640024280000000000,"modifiedTimeMillis":1640048943747,"rawTimestampNanos":0},
        {"fitValue":[{"value":{"intVal":4}}],"originDataSourceId":"","endTimeNanos":1640027760000000000,"dataTypeName":"com.google.sleep.segment","startTimeNanos":1640026020000000000,"modifiedTimeMillis":1640048943747,"rawTimestampNanos":0},
        {"fitValue":[{"value":{"intVal":5}}],"originDataSourceId":"","endTimeNanos":1640028180000000000,"dataTypeName":"com.google.sleep.segment","startTimeNanos":1640027760000000000,"modifiedTimeMillis":1640048943747,"rawTimestampNanos":0},
        {"fitValue":[{"value":{"intVal":4}}],"originDataSourceId":"","endTimeNanos":1640029260000000000,"dataTypeName":"com.google.sleep.segment","startTimeNanos":1640028180000000000,"modifiedTimeMillis":1640048943747,"rawTimestampNanos":0},
        {"fitValue":[{"value":{"intVal":1}}],"originDataSourceId":"","endTimeNanos":1640029560000000000,"dataTypeName":"com.google.sleep.segment","startTimeNanos":1640029260000000000,"modifiedTimeMillis":1640048943747,"rawTimestampNanos":0},
        {"fitValue":[{"value":{"intVal":4}}],"originDataSourceId":"","endTimeNanos":1640031780000000000,"dataTypeName":"com.google.sleep.segment","startTimeNanos":1640029560000000000,"modifiedTimeMillis":1640048943747,"rawTimestampNanos":0},
        {"fitValue":[{"value":{"intVal":5}}],"originDataSourceId":"","endTimeNanos":1640032200000000000,"dataTypeName":"com.google.sleep.segment","startTimeNanos":1640031780000000000,"modifiedTimeMillis":1640048943747,"rawTimestampNanos":0},
        {"fitValue":[{"value":{"intVal":4}}],"originDataSourceId":"","endTimeNanos":1640033760000000000,"dataTypeName":"com.google.sleep.segment","startTimeNanos":1640032200000000000,"modifiedTimeMillis":1640048943747,"rawTimestampNanos":0},
        {"fitValue":[{"value":{"intVal":1}}],"originDataSourceId":"","endTimeNanos":1640034300000000000,"dataTypeName":"com.google.sleep.segment","startTimeNanos":1640033760000000000,"modifiedTimeMillis":1640048943747,"rawTimestampNanos":0},
        {"fitValue":[{"value":{"intVal":4}}],"originDataSourceId":"","endTimeNanos":1640035980000000000,"dataTypeName":"com.google.sleep.segment","startTimeNanos":1640034300000000000,"modifiedTimeMillis":1640048943747,"rawTimestampNanos":0},
        {"fitValue":[{"value":{"intVal":5}}],"originDataSourceId":"","endTimeNanos":1640036700000000000,"dataTypeName":"com.google.sleep.segment","startTimeNanos":1640035980000000000,"modifiedTimeMillis":1640048943747,"rawTimestampNanos":0},
        {"fitValue":[{"value":{"intVal":4}}],"originDataSourceId":"","endTimeNanos":1640040660000000000,"dataTypeName":"com.google.sleep.segment","startTimeNanos":1640036700000000000,"modifiedTimeMillis":1640048943747,"rawTimestampNanos":0},
        {"fitValue":[{"value":{"intVal":5}}],"originDataSourceId":"","endTimeNanos":1640041140000000000,"dataTypeName":"com.google.sleep.segment","startTimeNanos":1640040660000000000,"modifiedTimeMillis":1640048943747,"rawTimestampNanos":0},
        {"fitValue":[{"value":{"intVal":4}}],"originDataSourceId":"","endTimeNanos":1640043600000000000,"dataTypeName":"com.google.sleep.segment","startTimeNanos":1640041140000000000,"modifiedTimeMillis":1640048943747,"rawTimestampNanos":0},
        {"fitValue":[{"value":{"intVal":5}}],"originDataSourceId":"","endTimeNanos":1640044020000000000,"dataTypeName":"com.google.sleep.segment","startTimeNanos":1640043600000000000,"modifiedTimeMillis":1640048943747,"rawTimestampNanos":0},
        {"fitValue":[{"value":{"intVal":4}}],"originDataSourceId":"","endTimeNanos":1640044080000000000,"dataTypeName":"com.google.sleep.segment","startTimeNanos":1640044020000000000,"modifiedTimeMillis":1640048943747,"rawTimestampNanos":0},
        {"fitValue":[{"value":{"intVal":1}}],"originDataSourceId":"","endTimeNanos":1640045580000000000,"dataTypeName":"com.google.sleep.segment","startTimeNanos":1640044080000000000,"modifiedTimeMillis":1640048943747,"rawTimestampNanos":0},
        {"fitValue":[{"value":{"intVal":4}}],"originDataSourceId":"","endTimeNanos":1640047740000000000,"dataTypeName":"com.google.sleep.segment","startTimeNanos":1640045580000000000,"modifiedTimeMillis":1640048943747,"rawTimestampNanos":0},
        {"fitValue":[{"value":{"intVal":4}}],"originDataSourceId":"","endTimeNanos":1640048280000000000,"dataTypeName":"com.google.sleep.segment","startTimeNanos":1640045580000000000,"modifiedTimeMillis":1640056733287,"rawTimestampNanos":0},
        {"fitValue":[{"value":{"intVal":5}}],"originDataSourceId":"","endTimeNanos":1640106660000000000,"dataTypeName":"com.google.sleep.segment","startTimeNanos":1640106120000000000,"modifiedTimeMillis":1640138329199,"rawTimestampNanos":0},
        {"fitValue":[{"value":{"intVal":4}}],"originDataSourceId":"","endTimeNanos":1640108400000000000,"dataTypeName":"com.google.sleep.segment","startTimeNanos":1640106660000000000,"modifiedTimeMillis":1640138329199,"rawTimestampNanos":0},
        {"fitValue":[{"value":{"intVal":5}}],"originDataSourceId":"","endTimeNanos":1640109240000000000,"dataTypeName":"com.google.sleep.segment","startTimeNanos":1640108400000000000,"modifiedTimeMillis":1640138329199,"rawTimestampNanos":0},
        {"fitValue":[{"value":{"intVal":4}}],"originDataSourceId":"","endTimeNanos":1640109960000000000,"dataTypeName":"com.google.sleep.segment","startTimeNanos":1640109240000000000,"modifiedTimeMillis":1640138329199,"rawTimestampNanos":0},
        {"fitValue":[{"value":{"intVal":6}}],"originDataSourceId":"","endTimeNanos":1640110440000000000,"dataTypeName":"com.google.sleep.segment","startTimeNanos":1640109960000000000,"modifiedTimeMillis":1640138329199,"rawTimestampNanos":0},
        {"fitValue":[{"value":{"intVal":4}}],"originDataSourceId":"","endTimeNanos":1640112240000000000,"dataTypeName":"com.google.sleep.segment","startTimeNanos":1640110440000000000,"modifiedTimeMillis":1640138329199,"rawTimestampNanos":0},
        {"fitValue":[{"value":{"intVal":5}}],"originDataSourceId":"","endTimeNanos":1640113080000000000,"dataTypeName":"com.google.sleep.segment","startTimeNanos":1640112240000000000,"modifiedTimeMillis":1640138329199,"rawTimestampNanos":0},
        {"fitValue":[{"value":{"intVal":4}}],"originDataSourceId":"","endTimeNanos":1640113140000000000,"dataTypeName":"com.google.sleep.segment","startTimeNanos":1640113080000000000,"modifiedTimeMillis":1640138329199,"rawTimestampNanos":0},
        {"fitValue":[{"value":{"intVal":6}}],"originDataSourceId":"","endTimeNanos":1640113500000000000,"dataTypeName":"com.google.sleep.segment","startTimeNanos":1640113140000000000,"modifiedTimeMillis":1640138329199,"rawTimestampNanos":0},
        {"fitValue":[{"value":{"intVal":4}}],"originDataSourceId":"","endTimeNanos":1640114820000000000,"dataTypeName":"com.google.sleep.segment","startTimeNanos":1640113500000000000,"modifiedTimeMillis":1640138329199,"rawTimestampNanos":0},
        {"fitValue":[{"value":{"intVal":5}}],"originDataSourceId":"","endTimeNanos":1640115840000000000,"dataTypeName":"com.google.sleep.segment","startTimeNanos":1640114820000000000,"modifiedTimeMillis":1640138329199,"rawTimestampNanos":0},
        {"fitValue":[{"value":{"intVal":4}}],"originDataSourceId":"","endTimeNanos":1640115900000000000,"dataTypeName":"com.google.sleep.segment","startTimeNanos":1640115840000000000,"modifiedTimeMillis":1640138329199,"rawTimestampNanos":0},
        {"fitValue":[{"value":{"intVal":6}}],"originDataSourceId":"","endTimeNanos":1640116020000000000,"dataTypeName":"com.google.sleep.segment","startTimeNanos":1640115900000000000,"modifiedTimeMillis":1640138329199,"rawTimestampNanos":0},
        {"fitValue":[{"value":{"intVal":4}}],"originDataSourceId":"","endTimeNanos":1640116620000000000,"dataTypeName":"com.google.sleep.segment","startTimeNanos":1640116020000000000,"modifiedTimeMillis":1640138329199,"rawTimestampNanos":0},
        {"fitValue":[{"value":{"intVal":6}}],"originDataSourceId":"","endTimeNanos":1640117220000000000,"dataTypeName":"com.google.sleep.segment","startTimeNanos":1640116620000000000,"modifiedTimeMillis":1640138329199,"rawTimestampNanos":0},
        {"fitValue":[{"value":{"intVal":4}}],"originDataSourceId":"","endTimeNanos":1640117880000000000,"dataTypeName":"com.google.sleep.segment","startTimeNanos":1640117220000000000,"modifiedTimeMillis":1640138329199,"rawTimestampNanos":0},
        {"fitValue":[{"value":{"intVal":6}}],"originDataSourceId":"","endTimeNanos":1640118360000000000,"dataTypeName":"com.google.sleep.segment","startTimeNanos":1640117880000000000,"modifiedTimeMillis":1640138329199,"rawTimestampNanos":0},
        {"fitValue":[{"value":{"intVal":4}}],"originDataSourceId":"","endTimeNanos":1640118420000000000,"dataTypeName":"com.google.sleep.segment","startTimeNanos":1640118360000000000,"modifiedTimeMillis":1640138329199,"rawTimestampNanos":0},
        {"fitValue":[{"value":{"intVal":6}}],"originDataSourceId":"","endTimeNanos":1640118780000000000,"dataTypeName":"com.google.sleep.segment","startTimeNanos":1640118420000000000,"modifiedTimeMillis":1640138329199,"rawTimestampNanos":0},
        {"fitValue":[{"value":{"intVal":4}}],"originDataSourceId":"","endTimeNanos":1640118840000000000,"dataTypeName":"com.google.sleep.segment","startTimeNanos":1640118780000000000,"modifiedTimeMillis":1640138329199,"rawTimestampNanos":0},
        {"fitValue":[{"value":{"intVal":5}}],"originDataSourceId":"","endTimeNanos":1640119200000000000,"dataTypeName":"com.google.sleep.segment","startTimeNanos":1640118840000000000,"modifiedTimeMillis":1640138329199,"rawTimestampNanos":0},
        {"fitValue":[{"value":{"intVal":4}}],"originDataSourceId":"","endTimeNanos":1640119260000000000,"dataTypeName":"com.google.sleep.segment","startTimeNanos":1640119200000000000,"modifiedTimeMillis":1640138329199,"rawTimestampNanos":0},
        {"fitValue":[{"value":{"intVal":6}}],"originDataSourceId":"","endTimeNanos":1640119740000000000,"dataTypeName":"com.google.sleep.segment","startTimeNanos":1640119260000000000,"modifiedTimeMillis":1640138329199,"rawTimestampNanos":0},
        {"fitValue":[{"value":{"intVal":4}}],"originDataSourceId":"","endTimeNanos":1640120880000000000,"dataTypeName":"com.google.sleep.segment","startTimeNanos":1640119740000000000,"modifiedTimeMillis":1640138329199,"rawTimestampNanos":0},
        {"fitValue":[{"value":{"intVal":6}}],"originDataSourceId":"","endTimeNanos":1640121420000000000,"dataTypeName":"com.google.sleep.segment","startTimeNanos":1640120880000000000,"modifiedTimeMillis":1640138329199,"rawTimestampNanos":0},
        {"fitValue":[{"value":{"intVal":1}}],"originDataSourceId":"","endTimeNanos":1640121660000000000,"dataTypeName":"com.google.sleep.segment","startTimeNanos":1640121420000000000,"modifiedTimeMillis":1640138329199,"rawTimestampNanos":0},
        {"fitValue":[{"value":{"intVal":4}}],"originDataSourceId":"","endTimeNanos":1640123820000000000,"dataTypeName":"com.google.sleep.segment","startTimeNanos":1640121660000000000,"modifiedTimeMillis":1640138329199,"rawTimestampNanos":0},
        {"fitValue":[{"value":{"intVal":5}}],"originDataSourceId":"","endTimeNanos":1640124360000000000,"dataTypeName":"com.google.sleep.segment","startTimeNanos":1640123820000000000,"modifiedTimeMillis":1640138329199,"rawTimestampNanos":0},
        {"fitValue":[{"value":{"intVal":4}}],"originDataSourceId":"","endTimeNanos":1640124900000000000,"dataTypeName":"com.google.sleep.segment","startTimeNanos":1640124360000000000,"modifiedTimeMillis":1640138329199,"rawTimestampNanos":0},
        {"fitValue":[{"value":{"intVal":6}}],"originDataSourceId":"","endTimeNanos":1640125620000000000,"dataTypeName":"com.google.sleep.segment","startTimeNanos":1640124900000000000,"modifiedTimeMillis":1640138329199,"rawTimestampNanos":0},
        {"fitValue":[{"value":{"intVal":4}}],"originDataSourceId":"","endTimeNanos":1640125680000000000,"dataTypeName":"com.google.sleep.segment","startTimeNanos":1640125620000000000,"modifiedTimeMillis":1640138329199,"rawTimestampNanos":0},
        {"fitValue":[{"value":{"intVal":6}}],"originDataSourceId":"","endTimeNanos":1640125920000000000,"dataTypeName":"com.google.sleep.segment","startTimeNanos":1640125680000000000,"modifiedTimeMillis":1640138329199,"rawTimestampNanos":0},
        {"fitValue":[{"value":{"intVal":4}}],"originDataSourceId":"","endTimeNanos":1640127060000000000,"dataTypeName":"com.google.sleep.segment","startTimeNanos":1640125920000000000,"modifiedTimeMillis":1640138329199,"rawTimestampNanos":0},
        {"fitValue":[{"value":{"intVal":5}}],"originDataSourceId":"","endTimeNanos":1640127960000000000,"dataTypeName":"com.google.sleep.segment","startTimeNanos":1640127060000000000,"modifiedTimeMillis":1640138329199,"rawTimestampNanos":0},
        {"fitValue":[{"value":{"intVal":4}}],"originDataSourceId":"","endTimeNanos":1640129400000000000,"dataTypeName":"com.google.sleep.segment","startTimeNanos":1640127960000000000,"modifiedTimeMillis":1640138329199,"rawTimestampNanos":0},
        {"fitValue":[{"value":{"intVal":6}}],"originDataSourceId":"","endTimeNanos":1640129880000000000,"dataTypeName":"com.google.sleep.segment","startTimeNanos":1640129400000000000,"modifiedTimeMillis":1640138329199,"rawTimestampNanos":0},
        {"fitValue":[{"value":{"intVal":4}}],"originDataSourceId":"","endTimeNanos":1640129940000000000,"dataTypeName":"com.google.sleep.segment","startTimeNanos":1640129880000000000,"modifiedTimeMillis":1640138329199,"rawTimestampNanos":0},
        {"fitValue":[{"value":{"intVal":6}}],"originDataSourceId":"","endTimeNanos":1640130180000000000,"dataTypeName":"com.google.sleep.segment","startTimeNanos":1640129940000000000,"modifiedTimeMillis":1640138329199,"rawTimestampNanos":0},
        {"fitValue":[{"value":{"intVal":4}}],"originDataSourceId":"","endTimeNanos":1640130240000000000,"dataTypeName":"com.google.sleep.segment","startTimeNanos":1640130180000000000,"modifiedTimeMillis":1640138329199,"rawTimestampNanos":0},
        {"fitValue":[{"value":{"intVal":5}}],"originDataSourceId":"","endTimeNanos":1640130660000000000,"dataTypeName":"com.google.sleep.segment","startTimeNanos":1640130240000000000,"modifiedTimeMillis":1640138329199,"rawTimestampNanos":0},
        {"fitValue":[{"value":{"intVal":4}}],"originDataSourceId":"","endTimeNanos":1640130840000000000,"dataTypeName":"com.google.sleep.segment","startTimeNanos":1640130660000000000,"modifiedTimeMillis":1640138329199,"rawTimestampNanos":0},
        {"fitValue":[{"value":{"intVal":6}}],"originDataSourceId":"","endTimeNanos":1640131440000000000,"dataTypeName":"com.google.sleep.segment","startTimeNanos":1640130840000000000,"modifiedTimeMillis":1640138329199,"rawTimestampNanos":0},
        {"fitValue":[{"value":{"intVal":4}}],"originDataSourceId":"","endTimeNanos":1640131500000000000,"dataTypeName":"com.google.sleep.segment","startTimeNanos":1640131440000000000,"modifiedTimeMillis":1640138329199,"rawTimestampNanos":0},
        {"fitValue":[{"value":{"intVal":6}}],"originDataSourceId":"","endTimeNanos":1640131680000000000,"dataTypeName":"com.google.sleep.segment","startTimeNanos":1640131500000000000,"modifiedTimeMillis":1640138329199,"rawTimestampNanos":0},
        {"fitValue":[{"value":{"intVal":4}}],"originDataSourceId":"","endTimeNanos":1640132400000000000,"dataTypeName":"com.google.sleep.segment","startTimeNanos":1640131680000000000,"modifiedTimeMillis":1640138329199,"rawTimestampNanos":0},
        {"fitValue":[{"value":{"intVal":5}}],"originDataSourceId":"","endTimeNanos":1640133600000000000,"dataTypeName":"com.google.sleep.segment","startTimeNanos":1640132400000000000,"modifiedTimeMillis":1640138329199,"rawTimestampNanos":0},
        {"fitValue":[{"value":{"intVal":4}}],"originDataSourceId":"","endTimeNanos":1640133780000000000,"dataTypeName":"com.google.sleep.segment","startTimeNanos":1640133600000000000,"modifiedTimeMillis":1640138329199,"rawTimestampNanos":0},
        {"fitValue":[{"value":{"intVal":6}}],"originDataSourceId":"","endTimeNanos":1640134620000000000,"dataTypeName":"com.google.sleep.segment","startTimeNanos":1640133780000000000,"modifiedTimeMillis":1640138329199,"rawTimestampNanos":0},
        {"fitValue":[{"value":{"intVal":4}}],"originDataSourceId":"","endTimeNanos":1640134680000000000,"dataTypeName":"com.google.sleep.segment","startTimeNanos":1640134620000000000,"modifiedTimeMillis":1640138329199,"rawTimestampNanos":0},
        {"fitValue":[{"value":{"intVal":6}}],"originDataSourceId":"","endTimeNanos":1640134920000000000,"dataTypeName":"com.google.sleep.segment","startTimeNanos":1640134680000000000,"modifiedTimeMillis":1640138329199,"rawTimestampNanos":0},
        {"fitValue":[{"value":{"intVal":5}}],"originDataSourceId":"","endTimeNanos":1640196720000000000,"dataTypeName":"com.google.sleep.segment","startTimeNanos":1640196000000000000,"modifiedTimeMillis":1640225256110,"rawTimestampNanos":0},
        {"fitValue":[{"value":{"intVal":4}}],"originDataSourceId":"","endTimeNanos":1640196900000000000,"dataTypeName":"com.google.sleep.segment","startTimeNanos":1640196720000000000,"modifiedTimeMillis":1640225256110,"rawTimestampNanos":0},
        {"fitValue":[{"value":{"intVal":6}}],"originDataSourceId":"","endTimeNanos":1640197560000000000,"dataTypeName":"com.google.sleep.segment","startTimeNanos":1640196900000000000,"modifiedTimeMillis":1640225256110,"rawTimestampNanos":0},
        {"fitValue":[{"value":{"intVal":4}}],"originDataSourceId":"","endTimeNanos":1640198460000000000,"dataTypeName":"com.google.sleep.segment","startTimeNanos":1640197560000000000,"modifiedTimeMillis":1640225256110,"rawTimestampNanos":0},
        {"fitValue":[{"value":{"intVal":6}}],"originDataSourceId":"","endTimeNanos":1640198940000000000,"dataTypeName":"com.google.sleep.segment","startTimeNanos":1640198460000000000,"modifiedTimeMillis":1640225256110,"rawTimestampNanos":0},
        {"fitValue":[{"value":{"intVal":4}}],"originDataSourceId":"","endTimeNanos":1640199000000000000,"dataTypeName":"com.google.sleep.segment","startTimeNanos":1640198940000000000,"modifiedTimeMillis":1640225256110,"rawTimestampNanos":0},
        {"fitValue":[{"value":{"intVal":5}}],"originDataSourceId":"","endTimeNanos":1640199780000000000,"dataTypeName":"com.google.sleep.segment","startTimeNanos":1640199000000000000,"modifiedTimeMillis":1640225256110,"rawTimestampNanos":0},
        {"fitValue":[{"value":{"intVal":4}}],"originDataSourceId":"","endTimeNanos":1640200260000000000,"dataTypeName":"com.google.sleep.segment","startTimeNanos":1640199780000000000,"modifiedTimeMillis":1640225256110,"rawTimestampNanos":0},
        {"fitValue":[{"value":{"intVal":6}}],"originDataSourceId":"","endTimeNanos":1640200800000000000,"dataTypeName":"com.google.sleep.segment","startTimeNanos":1640200260000000000,"modifiedTimeMillis":1640225256110,"rawTimestampNanos":0},
        {"fitValue":[{"value":{"intVal":4}}],"originDataSourceId":"","endTimeNanos":1640201280000000000,"dataTypeName":"com.google.sleep.segment","startTimeNanos":1640200800000000000,"modifiedTimeMillis":1640225256110,"rawTimestampNanos":0},
        {"fitValue":[{"value":{"intVal":6}}],"originDataSourceId":"","endTimeNanos":1640201940000000000,"dataTypeName":"com.google.sleep.segment","startTimeNanos":1640201280000000000,"modifiedTimeMillis":1640225256110,"rawTimestampNanos":0},
        {"fitValue":[{"value":{"intVal":4}}],"originDataSourceId":"","endTimeNanos":1640202000000000000,"dataTypeName":"com.google.sleep.segment","startTimeNanos":1640201940000000000,"modifiedTimeMillis":1640225256110,"rawTimestampNanos":0},
        {"fitValue":[{"value":{"intVal":6}}],"originDataSourceId":"","endTimeNanos":1640202240000000000,"dataTypeName":"com.google.sleep.segment","startTimeNanos":1640202000000000000,"modifiedTimeMillis":1640225256110,"rawTimestampNanos":0},
        {"fitValue":[{"value":{"intVal":4}}],"originDataSourceId":"","endTimeNanos":1640202300000000000,"dataTypeName":"com.google.sleep.segment","startTimeNanos":1640202240000000000,"modifiedTimeMillis":1640225256110,"rawTimestampNanos":0},
        {"fitValue":[{"value":{"intVal":5}}],"originDataSourceId":"","endTimeNanos":1640202780000000000,"dataTypeName":"com.google.sleep.segment","startTimeNanos":1640202300000000000,"modifiedTimeMillis":1640225256110,"rawTimestampNanos":0},
        {"fitValue":[{"value":{"intVal":4}}],"originDataSourceId":"","endTimeNanos":1640204400000000000,"dataTypeName":"com.google.sleep.segment","startTimeNanos":1640202780000000000,"modifiedTimeMillis":1640225256110,"rawTimestampNanos":0},
        {"fitValue":[{"value":{"intVal":6}}],"originDataSourceId":"","endTimeNanos":1640204940000000000,"dataTypeName":"com.google.sleep.segment","startTimeNanos":1640204400000000000,"modifiedTimeMillis":1640225256110,"rawTimestampNanos":0},
        {"fitValue":[{"value":{"intVal":4}}],"originDataSourceId":"","endTimeNanos":1640205840000000000,"dataTypeName":"com.google.sleep.segment","startTimeNanos":1640204940000000000,"modifiedTimeMillis":1640225256110,"rawTimestampNanos":0},
        {"fitValue":[{"value":{"intVal":6}}],"originDataSourceId":"","endTimeNanos":1640206320000000000,"dataTypeName":"com.google.sleep.segment","startTimeNanos":1640205840000000000,"modifiedTimeMillis":1640225256110,"rawTimestampNanos":0},
        {"fitValue":[{"value":{"intVal":4}}],"originDataSourceId":"","endTimeNanos":1640206500000000000,"dataTypeName":"com.google.sleep.segment","startTimeNanos":1640206320000000000,"modifiedTimeMillis":1640225256110,"rawTimestampNanos":0},
        {"fitValue":[{"value":{"intVal":5}}],"originDataSourceId":"","endTimeNanos":1640206980000000000,"dataTypeName":"com.google.sleep.segment","startTimeNanos":1640206500000000000,"modifiedTimeMillis":1640225256110,"rawTimestampNanos":0},
        {"fitValue":[{"value":{"intVal":4}}],"originDataSourceId":"","endTimeNanos":1640209020000000000,"dataTypeName":"com.google.sleep.segment","startTimeNanos":1640206980000000000,"modifiedTimeMillis":1640225256110,"rawTimestampNanos":0},
        {"fitValue":[{"value":{"intVal":6}}],"originDataSourceId":"","endTimeNanos":1640209680000000000,"dataTypeName":"com.google.sleep.segment","startTimeNanos":1640209020000000000,"modifiedTimeMillis":1640225256110,"rawTimestampNanos":0},
        {"fitValue":[{"value":{"intVal":4}}],"originDataSourceId":"","endTimeNanos":1640209860000000000,"dataTypeName":"com.google.sleep.segment","startTimeNanos":1640209680000000000,"modifiedTimeMillis":1640225256110,"rawTimestampNanos":0},
        {"fitValue":[{"value":{"intVal":5}}],"originDataSourceId":"","endTimeNanos":1640210400000000000,"dataTypeName":"com.google.sleep.segment","startTimeNanos":1640209860000000000,"modifiedTimeMillis":1640225256110,"rawTimestampNanos":0},
        {"fitValue":[{"value":{"intVal":4}}],"originDataSourceId":"","endTimeNanos":1640210520000000000,"dataTypeName":"com.google.sleep.segment","startTimeNanos":1640210400000000000,"modifiedTimeMillis":1640225256110,"rawTimestampNanos":0},
        {"fitValue":[{"value":{"intVal":6}}],"originDataSourceId":"","endTimeNanos":1640211060000000000,"dataTypeName":"com.google.sleep.segment","startTimeNanos":1640210520000000000,"modifiedTimeMillis":1640225256110,"rawTimestampNanos":0},
        {"fitValue":[{"value":{"intVal":4}}],"originDataSourceId":"","endTimeNanos":1640211360000000000,"dataTypeName":"com.google.sleep.segment","startTimeNanos":1640211060000000000,"modifiedTimeMillis":1640225256110,"rawTimestampNanos":0},
        {"fitValue":[{"value":{"intVal":6}}],"originDataSourceId":"","endTimeNanos":1640212080000000000,"dataTypeName":"com.google.sleep.segment","startTimeNanos":1640211360000000000,"modifiedTimeMillis":1640225256110,"rawTimestampNanos":0},
        {"fitValue":[{"value":{"intVal":4}}],"originDataSourceId":"","endTimeNanos":1640212740000000000,"dataTypeName":"com.google.sleep.segment","startTimeNanos":1640212080000000000,"modifiedTimeMillis":1640225256110,"rawTimestampNanos":0},
        {"fitValue":[{"value":{"intVal":5}}],"originDataSourceId":"","endTimeNanos":1640213340000000000,"dataTypeName":"com.google.sleep.segment","startTimeNanos":1640212740000000000,"modifiedTimeMillis":1640225256110,"rawTimestampNanos":0},
        {"fitValue":[{"value":{"intVal":4}}],"originDataSourceId":"","endTimeNanos":1640215200000000000,"dataTypeName":"com.google.sleep.segment","startTimeNanos":1640213340000000000,"modifiedTimeMillis":1640225256110,"rawTimestampNanos":0},
        {"fitValue":[{"value":{"intVal":6}}],"originDataSourceId":"","endTimeNanos":1640215680000000000,"dataTypeName":"com.google.sleep.segment","startTimeNanos":1640215200000000000,"modifiedTimeMillis":1640225256110,"rawTimestampNanos":0},
        {"fitValue":[{"value":{"intVal":4}}],"originDataSourceId":"","endTimeNanos":1640215740000000000,"dataTypeName":"com.google.sleep.segment","startTimeNanos":1640215680000000000,"modifiedTimeMillis":1640225256110,"rawTimestampNanos":0},
        {"fitValue":[{"value":{"intVal":6}}],"originDataSourceId":"","endTimeNanos":1640216280000000000,"dataTypeName":"com.google.sleep.segment","startTimeNanos":1640215740000000000,"modifiedTimeMillis":1640225256110,"rawTimestampNanos":0},
        {"fitValue":[{"value":{"intVal":4}}],"originDataSourceId":"","endTimeNanos":1640216340000000000,"dataTypeName":"com.google.sleep.segment","startTimeNanos":1640216280000000000,"modifiedTimeMillis":1640225256110,"rawTimestampNanos":0},
        {"fitValue":[{"value":{"intVal":5}}],"originDataSourceId":"","endTimeNanos":1640216520000000000,"dataTypeName":"com.google.sleep.segment","startTimeNanos":1640216340000000000,"modifiedTimeMillis":1640225256110,"rawTimestampNanos":0},
        {"fitValue":[{"value":{"intVal":4}}],"originDataSourceId":"","endTimeNanos":1640217960000000000,"dataTypeName":"com.google.sleep.segment","startTimeNanos":1640216520000000000,"modifiedTimeMillis":1640225256110,"rawTimestampNanos":0},
        {"fitValue":[{"value":{"intVal":6}}],"originDataSourceId":"","endTimeNanos":1640218860000000000,"dataTypeName":"com.google.sleep.segment","startTimeNanos":1640217960000000000,"modifiedTimeMillis":1640225256110,"rawTimestampNanos":0},
        {"fitValue":[{"value":{"intVal":4}}],"originDataSourceId":"","endTimeNanos":1640218920000000000,"dataTypeName":"com.google.sleep.segment","startTimeNanos":1640218860000000000,"modifiedTimeMillis":1640225256110,"rawTimestampNanos":0},
        {"fitValue":[{"value":{"intVal":5}}],"originDataSourceId":"","endTimeNanos":1640219340000000000,"dataTypeName":"com.google.sleep.segment","startTimeNanos":1640218920000000000,"modifiedTimeMillis":1640225256110,"rawTimestampNanos":0},
        {"fitValue":[{"value":{"intVal":4}}],"originDataSourceId":"","endTimeNanos":1640220420000000000,"dataTypeName":"com.google.sleep.segment","startTimeNanos":1640219340000000000,"modifiedTimeMillis":1640225256110,"rawTimestampNanos":0},
        {"fitValue":[{"value":{"intVal":6}}],"originDataSourceId":"","endTimeNanos":1640220900000000000,"dataTypeName":"com.google.sleep.segment","startTimeNanos":1640220420000000000,"modifiedTimeMillis":1640225256110,"rawTimestampNanos":0},
        {"fitValue":[{"value":{"intVal":4}}],"originDataSourceId":"","endTimeNanos":1640220960000000000,"dataTypeName":"com.google.sleep.segment","startTimeNanos":1640220900000000000,"modifiedTimeMillis":1640225256110,"rawTimestampNanos":0},
        {"fitValue":[{"value":{"intVal":6}}],"originDataSourceId":"","endTimeNanos":1640221620000000000,"dataTypeName":"com.google.sleep.segment","startTimeNanos":1640220960000000000,"modifiedTimeMillis":1640225256110,"rawTimestampNanos":0}
    ]
}