{
    "Data Source": "raw:com.google.calories.expended:com.noisefit:noise_activity - Calories",
    "Data Points": [
        {"fitValue":[{"value":{"fpVal":9}}],"originDataSourceId":"","endTimeNanos":1640401077000000000,"dataTypeName":"com.google.calories.expended","startTimeNanos":1640400982000000000,"modifiedTimeMillis":1640613565345,"rawTimestampNanos":0},
        {"fitValue":[{"value":{"fpVal":1454}}],"originDataSourceId":"","endTimeNanos":1640611610000000000,"dataTypeName":"com.google.calories.expended","startTimeNanos":1640605464000000000,"modifiedTimeMillis":1640614892288,"rawTimestampNanos":0},
        {"fitValue":[{"value":{"fpVal":284}}],"originDataSourceId":"","endTimeNanos":1640676563000000000,"dataTypeName":"com.google.calories.expended","startTimeNanos":1640674544000000000,"modifiedTimeMillis":1640696995599,"rawTimestampNanos":0},
        {"fitValue":[{"value":{"fpVal":131}}],"originDataSourceId":"","endTimeNanos":1640694475000000000,"dataTypeName":"com.google.calories.expended","startTimeNanos":1640693902000000000,"modifiedTimeMillis":1640696995599,"rawTimestampNanos":0},
        {"fitValue":[{"value":{"fpVal":407}}],"originDataSourceId":"","endTimeNanos":1640762847000000000,"dataTypeName":"com.google.calories.expended","startTimeNanos":1640760306000000000,"modifiedTimeMillis":1640768714093,"rawTimestampNanos":0},
        {"fitValue":[{"value":{"fpVal":1250}}],"originDataSourceId":"","endTimeNanos":1640785990000000000,"dataTypeName":"com.google.calories.expended","startTimeNanos":1640780315000000000,"modifiedTimeMillis":1640787451211,"rawTimestampNanos":0},
        {"fitValue":[{"value":{"fpVal":386}}],"originDataSourceId":"","endTimeNanos":1640939719000000000,"dataTypeName":"com.google.calories.expended","startTimeNanos":1640937625000000000,"modifiedTimeMillis":1640977822921,"rawTimestampNanos":0},
        {"fitValue":[{"value":{"fpVal":499}}],"originDataSourceId":"","endTimeNanos":1641011131000000000,"dataTypeName":"com.google.calories.expended","startTimeNanos":1641008382000000000,"modifiedTimeMillis":1641023780437,"rawTimestampNanos":0},
        {"fitValue":[{"value":{"fpVal":500}}],"originDataSourceId":"","endTimeNanos":1641114421000000000,"dataTypeName":"com.google.calories.expended","startTimeNanos":1641111421000000000,"modifiedTimeMillis":1641117612211,"rawTimestampNanos":0},
        {"fitValue":[{"value":{"fpVal":122}}],"originDataSourceId":"","endTimeNanos":1641123092000000000,"dataTypeName":"com.google.calories.expended","startTimeNanos":1641122236000000000,"modifiedTimeMillis":1641176896160,"rawTimestampNanos":0},
        {"fitValue":[{"value":{"fpVal":270}}],"originDataSourceId":"","endTimeNanos":1641173580000000000,"dataTypeName":"com.google.calories.expended","startTimeNanos":1641171919000000000,"modifiedTimeMillis":1641176896160,"rawTimestampNanos":0},
        {"fitValue":[{"value":{"fpVal":326}}],"originDataSourceId":"","endTimeNanos":1641211024000000000,"dataTypeName":"com.google.calories.expended","startTimeNanos":1641209471000000000,"modifiedTimeMillis":1641213315238,"rawTimestampNanos":0},
        {"fitValue":[{"value":{"fpVal":383}}],"originDataSourceId":"","endTimeNanos":1641259940000000000,"dataTypeName":"com.google.calories.expended","startTimeNanos":1641258111000000000,"modifiedTimeMillis":1641262962016,"rawTimestampNanos":0},
        {"fitValue":[{"value":{"fpVal":345}}],"originDataSourceId":"","endTimeNanos":1641297960000000000,"dataTypeName":"com.google.calories.expended","startTimeNanos":1641296171000000000,"modifiedTimeMillis":1641308458644,"rawTimestampNanos":0},
        {"fitValue":[{"value":{"fpVal":282}}],"originDataSourceId":"","endTimeNanos":1641346443000000000,"dataTypeName":"com.google.calories.expended","startTimeNanos":1641344625000000000,"modifiedTimeMillis":1641353828528,"rawTimestampNanos":0},
        {"fitValue":[{"value":{"fpVal":367}}],"originDataSourceId":"","endTimeNanos":1641384041000000000,"dataTypeName":"com.google.calories.expended","startTimeNanos":1641382322000000000,"modifiedTimeMillis":1641387329233,"rawTimestampNanos":0},
        {"fitValue":[{"value":{"fpVal":270}}],"originDataSourceId":"","endTimeNanos":1641432620000000000,"dataTypeName":"com.google.calories.expended","startTimeNanos":1641430676000000000,"modifiedTimeMillis":1641435725345,"rawTimestampNanos":0},
        {"fitValue":[{"value":{"fpVal":388}}],"originDataSourceId":"","endTimeNanos":1641476973000000000,"dataTypeName":"com.google.calories.expended","startTimeNanos":1641475171000000000,"modifiedTimeMillis":1641477825624,"rawTimestampNanos":0},
        {"fitValue":[{"value":{"fpVal":262}}],"originDataSourceId":"","endTimeNanos":1641521559000000000,"dataTypeName":"com.google.calories.expended","startTimeNanos":1641519900000000000,"modifiedTimeMillis":1641526088703,"rawTimestampNanos":0},
        {"fitValue":[{"value":{"fpVal":603}}],"originDataSourceId":"","endTimeNanos":1641558806000000000,"dataTypeName":"com.google.calories.expended","startTimeNanos":1641555833000000000,"modifiedTimeMillis":1641560707786,"rawTimestampNanos":0},
        {"fitValue":[{"value":{"fpVal":15}}],"originDataSourceId":"","endTimeNanos":1641606144000000000,"dataTypeName":"com.google.calories.expended","startTimeNanos":1641606001000000000,"modifiedTimeMillis":1641613350752,"rawTimestampNanos":0},
        {"fitValue":[{"value":{"fpVal":48}}],"originDataSourceId":"","endTimeNanos":1641606450000000000,"dataTypeName":"com.google.calories.expended","startTimeNanos":1641606166000000000,"modifiedTimeMillis":1641613350752,"rawTimestampNanos":0},
        {"fitValue":[{"value":{"fpVal":358}}],"originDataSourceId":"","endTimeNanos":1641608227000000000,"dataTypeName":"com.google.calories.expended","startTimeNanos":1641606507000000000,"modifiedTimeMillis":1641613350752,"rawTimestampNanos":0},
        {"fitValue":[{"value":{"fpVal":342}}],"originDataSourceId":"","endTimeNanos":1641646177000000000,"dataTypeName":"com.google.calories.expended","startTimeNanos":1641644422000000000,"modifiedTimeMillis":1641647002958,"rawTimestampNanos":0},
        {"fitValue":[{"value":{"fpVal":269}}],"originDataSourceId":"","endTimeNanos":1641700574000000000,"dataTypeName":"com.google.calories.expended","startTimeNanos":1641697844000000000,"modifiedTimeMillis":1641703848187,"rawTimestampNanos":0},
        {"fitValue":[{"value":{"fpVal":253}}],"originDataSourceId":"","endTimeNanos":1641706884000000000,"dataTypeName":"com.google.calories.expended","startTimeNanos":1641705249000000000,"modifiedTimeMillis":1641707464833,"rawTimestampNanos":0},
        {"fitValue":[{"value":{"fpVal":719}}],"originDataSourceId":"","endTimeNanos":1641731178000000000,"dataTypeName":"com.google.calories.expended","startTimeNanos":1641727672000000000,"modifiedTimeMillis":1641736221099,"rawTimestampNanos":0},
        {"fitValue":[{"value":{"fpVal":229}}],"originDataSourceId":"","endTimeNanos":1641779103000000000,"dataTypeName":"com.google.calories.expended","startTimeNanos":1641777444000000000,"modifiedTimeMillis":1641781760069,"rawTimestampNanos":0},
        {"fitValue":[{"value":{"fpVal":15}}],"originDataSourceId":"","endTimeNanos":1641779759000000000,"dataTypeName":"com.google.calories.expended","startTimeNanos":1641779506000000000,"modifiedTimeMillis":1641781760069,"rawTimestampNanos":0},
        {"fitValue":[{"value":{"fpVal":306}}],"originDataSourceId":"","endTimeNanos":1641818905000000000,"dataTypeName":"com.google.calories.expended","startTimeNanos":1641817206000000000,"modifiedTimeMillis":1641823886814,"rawTimestampNanos":0},
        {"fitValue":[{"value":{"fpVal":95}}],"originDataSourceId":"","endTimeNanos":1641864244000000000,"dataTypeName":"com.google.calories.expended","startTimeNanos":1641863290000000000,"modifiedTimeMillis":1641868523799,"rawTimestampNanos":0},
        {"fitValue":[{"value":{"fpVal":297}}],"originDataSourceId":"","endTimeNanos":1641866357000000000,"dataTypeName":"com.google.calories.expended","startTimeNanos":1641864338000000000,"modifiedTimeMillis":1641868523799,"rawTimestampNanos":0},
        {"fitValue":[{"value":{"fpVal":342}}],"originDataSourceId":"","endTimeNanos":1641903014000000000,"dataTypeName":"com.google.calories.expended","startTimeNanos":1641901270000000000,"modifiedTimeMillis":1641905516251,"rawTimestampNanos":0},
        {"fitValue":[{"value":{"fpVal":33}}],"originDataSourceId":"","endTimeNanos":1641950484000000000,"dataTypeName":"com.google.calories.expended","startTimeNanos":1641949744000000000,"modifiedTimeMillis":1641958055504,"rawTimestampNanos":0},
        {"fitValue":[{"value":{"fpVal":295}}],"originDataSourceId":"","endTimeNanos":1641952593000000000,"dataTypeName":"com.google.calories.expended","startTimeNanos":1641950501000000000,"modifiedTimeMillis":1641958055504,"rawTimestampNanos":0},
        {"fitValue":[{"value":{"fpVal":244}}],"originDataSourceId":"","endTimeNanos":1641986721000000000,"dataTypeName":"com.google.calories.expended","startTimeNanos":1641984906000000000,"modifiedTimeMillis":1641998647866,"rawTimestampNanos":0},
        {"fitValue":[{"value":{"fpVal":60}}],"originDataSourceId":"","endTimeNanos":1642037389000000000,"dataTypeName":"com.google.calories.expended","startTimeNanos":1642036329000000000,"modifiedTimeMillis":1642041867189,"rawTimestampNanos":0},
        {"fitValue":[{"value":{"fpVal":246}}],"originDataSourceId":"","endTimeNanos":1642039086000000000,"dataTypeName":"com.google.calories.expended","startTimeNanos":1642037412000000000,"modifiedTimeMillis":1642045245557,"rawTimestampNanos":0},
        {"fitValue":[{"value":{"fpVal":115}}],"originDataSourceId":"","endTimeNanos":1642082079000000000,"dataTypeName":"com.google.calories.expended","startTimeNanos":1642081483000000000,"modifiedTimeMillis":1642089038501,"rawTimestampNanos":0},
        {"fitValue":[{"value":{"fpVal":54}}],"originDataSourceId":"","endTimeNanos":1642128093000000000,"dataTypeName":"com.google.calories.expended","startTimeNanos":1642126996000000000,"modifiedTimeMillis":1642142887590,"rawTimestampNanos":0},
        {"fitValue":[{"value":{"fpVal":552}}],"originDataSourceId":"","endTimeNanos":1642166509000000000,"dataTypeName":"com.google.calories.expended","startTimeNanos":1642163609000000000,"modifiedTimeMillis":1642169951087,"rawTimestampNanos":0},
        {"fitValue":[{"value":{"fpVal":65}}],"originDataSourceId":"","endTimeNanos":1642216303000000000,"dataTypeName":"com.google.calories.expended","startTimeNanos":1642215404000000000,"modifiedTimeMillis":1642222868095,"rawTimestampNanos":0},
        {"fitValue":[{"value":{"fpVal":23}}],"originDataSourceId":"","endTimeNanos":1642248159000000000,"dataTypeName":"com.google.calories.expended","startTimeNanos":1642248015000000000,"modifiedTimeMillis":1642252220886,"rawTimestampNanos":0},
        {"fitValue":[{"value":{"fpVal":280}}],"originDataSourceId":"","endTimeNanos":1642312280000000000,"dataTypeName":"com.google.calories.expended","startTimeNanos":1642309781000000000,"modifiedTimeMillis":1642315932016,"rawTimestampNanos":0},
        {"fitValue":[{"value":{"fpVal":1241}}],"originDataSourceId":"","endTimeNanos":1642340546000000000,"dataTypeName":"com.google.calories.expended","startTimeNanos":1642334660000000000,"modifiedTimeMillis":1642343226488,"rawTimestampNanos":0},
        {"fitValue":[{"value":{"fpVal":289}}],"originDataSourceId":"","endTimeNanos":1642384728000000000,"dataTypeName":"com.google.calories.expended","startTimeNanos":1642382782000000000,"modifiedTimeMillis":1642387326213,"rawTimestampNanos":0},
        {"fitValue":[{"value":{"fpVal":153}}],"originDataSourceId":"","endTimeNanos":1642419081000000000,"dataTypeName":"com.google.calories.expended","startTimeNanos":1642418183000000000,"modifiedTimeMillis":1642425489986,"rawTimestampNanos":0},
        {"fitValue":[{"value":{"fpVal":379}}],"originDataSourceId":"","endTimeNanos":1642561033000000000,"dataTypeName":"com.google.calories.expended","startTimeNanos":1642557801000000000,"modifiedTimeMillis":1642605152065,"rawTimestampNanos":0},
        {"fitValue":[{"value":{"fpVal":248}}],"originDataSourceId":"","endTimeNanos":1642654805000000000,"dataTypeName":"com.google.calories.expended","startTimeNanos":1642652722000000000,"modifiedTimeMillis":1642742587851,"rawTimestampNanos":0},
        {"fitValue":[{"value":{"fpVal":293}}],"originDataSourceId":"","endTimeNanos":1642748701000000000,"dataTypeName":"com.google.calories.expended","startTimeNanos":1642745924000000000,"modifiedTimeMillis":1642829583587,"rawTimestampNanos":0},
        {"fitValue":[{"value":{"fpVal":241}}],"originDataSourceId":"","endTimeNanos":1642861394000000000,"dataTypeName":"com.google.calories.expended","startTimeNanos":1642859255000000000,"modifiedTimeMillis":1642916318542,"rawTimestampNanos":0},
        {"fitValue":[{"value":{"fpVal":778}}],"originDataSourceId":"","endTimeNanos":1642943177000000000,"dataTypeName":"com.google.calories.expended","startTimeNanos":1642939392000000000,"modifiedTimeMillis":1642945832689,"rawTimestampNanos":0},
        {"fitValue":[{"value":{"fpVal":226}}],"originDataSourceId":"","endTimeNanos":1642989486000000000,"dataTypeName":"com.google.calories.expended","startTimeNanos":1642987758000000000,"modifiedTimeMillis":1642995589361,"rawTimestampNanos":0},
        {"fitValue":[{"value":{"fpVal":138}}],"originDataSourceId":"","endTimeNanos":1643008040000000000,"dataTypeName":"com.google.calories.expended","startTimeNanos":1643006779000000000,"modifiedTimeMillis":1643031486944,"rawTimestampNanos":0},
        {"fitValue":[{"value":{"fpVal":64}}],"originDataSourceId":"","endTimeNanos":1643026249000000000,"dataTypeName":"com.google.calories.expended","startTimeNanos":1643025293000000000,"modifiedTimeMillis":1643031486944,"rawTimestampNanos":0},
        {"fitValue":[{"value":{"fpVal":216}}],"originDataSourceId":"","endTimeNanos":1643028037000000000,"dataTypeName":"com.google.calories.expended","startTimeNanos":1643026262000000000,"modifiedTimeMillis":1643031486944,"rawTimestampNanos":0},
        {"fitValue":[{"value":{"fpVal":76}}],"originDataSourceId":"","endTimeNanos":1643073873000000000,"dataTypeName":"com.google.calories.expended","startTimeNanos":1643072576000000000,"modifiedTimeMillis":1643163903863,"rawTimestampNanos":0},
        {"fitValue":[{"value":{"fpVal":262}}],"originDataSourceId":"","endTimeNanos":1643075665000000000,"dataTypeName":"com.google.calories.expended","startTimeNanos":1643073944000000000,"modifiedTimeMillis":1643163903863,"rawTimestampNanos":0},
        {"fitValue":[{"value":{"fpVal":146}}],"originDataSourceId":"","endTimeNanos":1643106421000000000,"dataTypeName":"com.google.calories.expended","startTimeNanos":1643105288000000000,"modifiedTimeMillis":1643163903863,"rawTimestampNanos":0},
        {"fitValue":[{"value":{"fpVal":588}}],"originDataSourceId":"","endTimeNanos":1643111585000000000,"dataTypeName":"com.google.calories.expended","startTimeNanos":1643108660000000000,"modifiedTimeMillis":1643163903863,"rawTimestampNanos":0},
        {"fitValue":[{"value":{"fpVal":138}}],"originDataSourceId":"","endTimeNanos":1643193335000000000,"dataTypeName":"com.google.calories.expended","startTimeNanos":1643191987000000000,"modifiedTimeMillis":1643255882541,"rawTimestampNanos":0},
        {"fitValue":[{"value":{"fpVal":98}}],"originDataSourceId":"","endTimeNanos":1643336810000000000,"dataTypeName":"com.google.calories.expended","startTimeNanos":1643335898000000000,"modifiedTimeMillis":1643341693091,"rawTimestampNanos":0},
        {"fitValue":[{"value":{"fpVal":124}}],"originDataSourceId":"","endTimeNanos":1643443516000000000,"dataTypeName":"com.google.calories.expended","startTimeNanos":1643442270000000000,"modifiedTimeMillis":1643540584808,"rawTimestampNanos":0},
        {"fitValue":[{"value":{"fpVal":1224}}],"originDataSourceId":"","endTimeNanos":1643546943000000000,"dataTypeName":"com.google.calories.expended","startTimeNanos":1643541111000000000,"modifiedTimeMillis":1643550704814,"rawTimestampNanos":0},
        {"fitValue":[{"value":{"fpVal":85}}],"originDataSourceId":"","endTimeNanos":1643591009000000000,"dataTypeName":"com.google.calories.expended","startTimeNanos":1643590067000000000,"modifiedTimeMillis":1643595039006,"rawTimestampNanos":0},
        {"fitValue":[{"value":{"fpVal":261}}],"originDataSourceId":"","endTimeNanos":1643592997000000000,"dataTypeName":"com.google.calories.expended","startTimeNanos":1643591050000000000,"modifiedTimeMillis":1643595039006,"rawTimestampNanos":0},
        {"fitValue":[{"value":{"fpVal":56}}],"originDataSourceId":"","endTimeNanos":1643678069000000000,"dataTypeName":"com.google.calories.expended","startTimeNanos":1643677006000000000,"modifiedTimeMillis":1643765272542,"rawTimestampNanos":0},
        {"fitValue":[{"value":{"fpVal":226}}],"originDataSourceId":"","endTimeNanos":1643679801000000000,"dataTypeName":"com.google.calories.expended","startTimeNanos":1643678095000000000,"modifiedTimeMillis":1643765272542,"rawTimestampNanos":0},
        {"fitValue":[{"value":{"fpVal":61}}],"originDataSourceId":"","endTimeNanos":1643764515000000000,"dataTypeName":"com.google.calories.expended","startTimeNanos":1643763545000000000,"modifiedTimeMillis":1643768872740,"rawTimestampNanos":0},
        {"fitValue":[{"value":{"fpVal":257}}],"originDataSourceId":"","endTimeNanos":1643766276000000000,"dataTypeName":"com.google.calories.expended","startTimeNanos":1643764562000000000,"modifiedTimeMillis":1643768872740,"rawTimestampNanos":0},
        {"fitValue":[{"value":{"fpVal":703}}],"originDataSourceId":"","endTimeNanos":1643803717000000000,"dataTypeName":"com.google.calories.expended","startTimeNanos":1643800088000000000,"modifiedTimeMillis":1643808959918,"rawTimestampNanos":0},
        {"fitValue":[{"value":{"fpVal":248}}],"originDataSourceId":"","endTimeNanos":1643852622000000000,"dataTypeName":"com.google.calories.expended","startTimeNanos":1643850917000000000,"modifiedTimeMillis":1643945502341,"rawTimestampNanos":0},
        {"fitValue":[{"value":{"fpVal":329}}],"originDataSourceId":"","endTimeNanos":1643943414000000000,"dataTypeName":"com.google.calories.expended","startTimeNanos":1643941055000000000,"modifiedTimeMillis":1643949903652,"rawTimestampNanos":0},
        {"fitValue":[{"value":{"fpVal":1245}}],"originDataSourceId":"","endTimeNanos":1643982104000000000,"dataTypeName":"com.google.calories.expended","startTimeNanos":1643976182000000000,"modifiedTimeMillis":1643986533626,"rawTimestampNanos":0},
        {"fitValue":[{"value":{"fpVal":396}}],"originDataSourceId":"","endTimeNanos":1644042260000000000,"dataTypeName":"com.google.calories.expended","startTimeNanos":1644038520000000000,"modifiedTimeMillis":1644161515320,"rawTimestampNanos":0},
        {"fitValue":[{"value":{"fpVal":473}}],"originDataSourceId":"","endTimeNanos":1644124167000000000,"dataTypeName":"com.google.calories.expended","startTimeNanos":1644119715000000000,"modifiedTimeMillis":1644161515320,"rawTimestampNanos":0},
        {"fitValue":[{"value":{"fpVal":1359}}],"originDataSourceId":"","endTimeNanos":1644152169000000000,"dataTypeName":"com.google.calories.expended","startTimeNanos":1644145587000000000,"modifiedTimeMillis":1644161515320,"rawTimestampNanos":0},
        {"fitValue":[{"value":{"fpVal":230}}],"originDataSourceId":"","endTimeNanos":1644197343000000000,"dataTypeName":"com.google.calories.expended","startTimeNanos":1644196194000000000,"modifiedTimeMillis":1644205427755,"rawTimestampNanos":0},
        {"fitValue":[{"value":{"fpVal":82}}],"originDataSourceId":"","endTimeNanos":1644199276000000000,"dataTypeName":"com.google.calories.expended","startTimeNanos":1644197735000000000,"modifiedTimeMillis":1644205427755,"rawTimestampNanos":0},
        {"fitValue":[{"value":{"fpVal":350}}],"originDataSourceId":"","endTimeNanos":1644217806000000000,"dataTypeName":"com.google.calories.expended","startTimeNanos":1644211714000000000,"modifiedTimeMillis":1644224065544,"rawTimestampNanos":0},
        {"fitValue":[{"value":{"fpVal":207}}],"originDataSourceId":"","endTimeNanos":1644222143000000000,"dataTypeName":"com.google.calories.expended","startTimeNanos":1644220226000000000,"modifiedTimeMillis":1644224065544,"rawTimestampNanos":0},
        {"fitValue":[{"value":{"fpVal":218}}],"originDataSourceId":"","endTimeNanos":1644283446000000000,"dataTypeName":"com.google.calories.expended","startTimeNanos":1644282291000000000,"modifiedTimeMillis":1644290286023,"rawTimestampNanos":0},
        {"fitValue":[{"value":{"fpVal":123}}],"originDataSourceId":"","endTimeNanos":1644285300000000000,"dataTypeName":"com.google.calories.expended","startTimeNanos":1644284016000000000,"modifiedTimeMillis":1644290286023,"rawTimestampNanos":0},
        {"fitValue":[{"value":{"fpVal":101}}],"originDataSourceId":"","endTimeNanos":1644304409000000000,"dataTypeName":"com.google.calories.expended","startTimeNanos":1644303482000000000,"modifiedTimeMillis":1644308109486,"rawTimestampNanos":0},
        {"fitValue":[{"value":{"fpVal":91}}],"originDataSourceId":"","endTimeNanos":1644305183000000000,"dataTypeName":"com.google.calories.expended","startTimeNanos":1644304566000000000,"modifiedTimeMillis":1644308109486,"rawTimestampNanos":0},
        {"fitValue":[{"value":{"fpVal":110}}],"originDataSourceId":"","endTimeNanos":1644368974000000000,"dataTypeName":"com.google.calories.expended","startTimeNanos":1644368402000000000,"modifiedTimeMillis":1644377238839,"rawTimestampNanos":0},
        {"fitValue":[{"value":{"fpVal":61}}],"originDataSourceId":"","endTimeNanos":1644370130000000000,"dataTypeName":"com.google.calories.expended","startTimeNanos":1644369173000000000,"modifiedTimeMillis":1644377238839,"rawTimestampNanos":0},
        {"fitValue":[{"value":{"fpVal":42}}],"originDataSourceId":"","endTimeNanos":1644391221000000000,"dataTypeName":"com.google.calories.expended","startTimeNanos":1644390594000000000,"modifiedTimeMillis":1644465665889,"rawTimestampNanos":0},
        {"fitValue":[{"value":{"fpVal":39}}],"originDataSourceId":"","endTimeNanos":1644391609000000000,"dataTypeName":"com.google.calories.expended","startTimeNanos":1644391229000000000,"modifiedTimeMillis":1644465665889,"rawTimestampNanos":0},
        {"fitValue":[{"value":{"fpVal":10}}],"originDataSourceId":"","endTimeNanos":1644410392000000000,"dataTypeName":"com.google.calories.expended","startTimeNanos":1644410303000000000,"modifiedTimeMillis":1644465665889,"rawTimestampNanos":0},
        {"fitValue":[{"value":{"fpVal":9}}],"originDataSourceId":"","endTimeNanos":1644410537000000000,"dataTypeName":"com.google.calories.expended","startTimeNanos":1644410455000000000,"modifiedTimeMillis":1644465665889,"rawTimestampNanos":0},
        {"fitValue":[{"value":{"fpVal":118}}],"originDataSourceId":"","endTimeNanos":1644456108000000000,"dataTypeName":"com.google.calories.expended","startTimeNanos":1644455533000000000,"modifiedTimeMillis":1644465665889,"rawTimestampNanos":0},
        {"fitValue":[{"value":{"fpVal":89}}],"originDataSourceId":"","endTimeNanos":1644457882000000000,"dataTypeName":"com.google.calories.expended","startTimeNanos":1644456273000000000,"modifiedTimeMillis":1644465665889,"rawTimestampNanos":0},
        {"fitValue":[{"value":{"fpVal":109}}],"originDataSourceId":"","endTimeNanos":1644458746000000000,"dataTypeName":"com.google.calories.expended","startTimeNanos":1644457931000000000,"modifiedTimeMillis":1644465665889,"rawTimestampNanos":0},
        {"fitValue":[{"value":{"fpVal":110}}],"originDataSourceId":"","endTimeNanos":1644548890000000000,"dataTypeName":"com.google.calories.expended","startTimeNanos":1644548300000000000,"modifiedTimeMillis":1644595225690,"rawTimestampNanos":0},
        {"fitValue":[{"value":{"fpVal":1187}}],"originDataSourceId":"","endTimeNanos":1644587454000000000,"dataTypeName":"com.google.calories.expended","startTimeNanos":1644581694000000000,"modifiedTimeMillis":1644595225690,"rawTimestampNanos":0}
    ]
}