{
    "Data Source": "raw:com.google.step_count.delta:com.noisefit:noise_activity - Steps",
    "Data Points": [
        {"fitValue":[{"value":{"intVal":3003}}],"originDataSourceId":"","endTimeNanos":1639745996000000000,"dataTypeName":"com.google.step_count.delta","startTimeNanos":1639744740000000000,"modifiedTimeMillis":1639746871307,"rawTimestampNanos":0},
        {"fitValue":[{"value":{"intVal":3942}}],"originDataSourceId":"","endTimeNanos":1639753409000000000,"dataTypeName":"com.google.step_count.delta","startTimeNanos":1639751100000000000,"modifiedTimeMillis":1639755139199,"rawTimestampNanos":0},
        {"fitValue":[{"value":{"intVal":161}}],"originDataSourceId":"","endTimeNanos":1639799704000000000,"dataTypeName":"com.google.step_count.delta","startTimeNanos":1639799640000000000,"modifiedTimeMillis":1639805252594,"rawTimestampNanos":0},
        {"fitValue":[{"value":{"intVal":1630}}],"originDataSourceId":"","endTimeNanos":1639803062000000000,"dataTypeName":"com.google.step_count.delta","startTimeNanos":1639802160000000000,"modifiedTimeMillis":1639805252594,"rawTimestampNanos":0},
        {"fitValue":[{"value":{"intVal":412}}],"originDataSourceId":"","endTimeNanos":1639803418000000000,"dataTypeName":"com.google.step_count.delta","startTimeNanos":1639803180000000000,"modifiedTimeMillis":1639805252594,"rawTimestampNanos":0},
        {"fitValue":[{"value":{"intVal":1503}}],"originDataSourceId":"","endTimeNanos":1639804024000000000,"dataTypeName":"com.google.step_count.delta","startTimeNanos":1639803420000000000,"modifiedTimeMillis":1639805252594,"rawTimestampNanos":0},
        {"fitValue":[{"value":{"intVal":5192}}],"originDataSourceId":"","endTimeNanos":1639834902000000000,"dataTypeName":"com.google.step_count.delta","startTimeNanos":1639831560000000000,"modifiedTimeMillis":1639887499714,"rawTimestampNanos":0},
        {"fitValue":[{"value":{"intVal":4630}}],"originDataSourceId":"","endTimeNanos":1639917828000000000,"dataTypeName":"com.google.step_count.delta","startTimeNanos":1639915380000000000,"modifiedTimeMillis":1639935523123,"rawTimestampNanos":0},
        {"fitValue":[{"value":{"intVal":4529}}],"originDataSourceId":"","endTimeNanos":1640001863000000000,"dataTypeName":"com.google.step_count.delta","startTimeNanos":1639999980000000000,"modifiedTimeMillis":1640005668450,"rawTimestampNanos":0},
        {"fitValue":[{"value":{"intVal":4625}}],"originDataSourceId":"","endTimeNanos":1640052444000000000,"dataTypeName":"com.google.step_count.delta","startTimeNanos":1640050140000000000,"modifiedTimeMillis":1640056733290,"rawTimestampNanos":0},
        {"fitValue":[{"value":{"intVal":3032}}],"originDataSourceId":"","endTimeNanos":1640086863000000000,"dataTypeName":"com.google.step_count.delta","startTimeNanos":1640085660000000000,"modifiedTimeMillis":1640089317797,"rawTimestampNanos":0},
        {"fitValue":[{"value":{"intVal":3092}}],"originDataSourceId":"","endTimeNanos":1640137817000000000,"dataTypeName":"com.google.step_count.delta","startTimeNanos":1640136240000000000,"modifiedTimeMillis":1640141920306,"rawTimestampNanos":0},
        {"fitValue":[{"value":{"intVal":218}}],"originDataSourceId":"","endTimeNanos":1640401077000000000,"dataTypeName":"com.google.step_count.delta","startTimeNanos":1640400982000000000,"modifiedTimeMillis":1640613565371,"rawTimestampNanos":0},
        {"fitValue":[{"value":{"intVal":15147}}],"originDataSourceId":"","endTimeNanos":1640611610000000000,"dataTypeName":"com.google.step_count.delta","startTimeNanos":1640605464000000000,"modifiedTimeMillis":1640614892288,"rawTimestampNanos":0},
        {"fitValue":[{"value":{"intVal":3318}}],"originDataSourceId":"","endTimeNanos":1640676563000000000,"dataTypeName":"com.google.step_count.delta","startTimeNanos":1640674544000000000,"modifiedTimeMillis":1640696995627,"rawTimestampNanos":0},
        {"fitValue":[{"value":{"intVal":1490}}],"originDataSourceId":"","endTimeNanos":1640694475000000000,"dataTypeName":"com.google.step_count.delta","startTimeNanos":1640693902000000000,"modifiedTimeMillis":1640696995627,"rawTimestampNanos":0},
        {"fitValue":[{"value":{"intVal":3843}}],"originDataSourceId":"","endTimeNanos":1640762847000000000,"dataTypeName":"com.google.step_count.delta","startTimeNanos":1640760306000000000,"modifiedTimeMillis":1640768714065,"rawTimestampNanos":0},
        {"fitValue":[{"value":{"intVal":14849}}],"originDataSourceId":"","endTimeNanos":1640785990000000000,"dataTypeName":"com.google.step_count.delta","startTimeNanos":1640780315000000000,"modifiedTimeMillis":1640787451267,"rawTimestampNanos":0},
        {"fitValue":[{"value":{"intVal":3321}}],"originDataSourceId":"","endTimeNanos":1640939719000000000,"dataTypeName":"com.google.step_count.delta","startTimeNanos":1640937625000000000,"modifiedTimeMillis":1640977822948,"rawTimestampNanos":0},
        {"fitValue":[{"value":{"intVal":4645}}],"originDataSourceId":"","endTimeNanos":1641011131000000000,"dataTypeName":"com.google.step_count.delta","startTimeNanos":1641008382000000000,"modifiedTimeMillis":1641023780466,"rawTimestampNanos":0},
        {"fitValue":[{"value":{"intVal":4735}}],"originDataSourceId":"","endTimeNanos":1641114421000000000,"dataTypeName":"com.google.step_count.delta","startTimeNanos":1641111421000000000,"modifiedTimeMillis":1641117612183,"rawTimestampNanos":0},
        {"fitValue":[{"value":{"intVal":1540}}],"originDataSourceId":"","endTimeNanos":1641123092000000000,"dataTypeName":"com.google.step_count.delta","startTimeNanos":1641122236000000000,"modifiedTimeMillis":1641176896160,"rawTimestampNanos":0},
        {"fitValue":[{"value":{"intVal":3084}}],"originDataSourceId":"","endTimeNanos":1641173580000000000,"dataTypeName":"com.google.step_count.delta","startTimeNanos":1641171919000000000,"modifiedTimeMillis":1641176896160,"rawTimestampNanos":0},
        {"fitValue":[{"value":{"intVal":3803}}],"originDataSourceId":"","endTimeNanos":1641211024000000000,"dataTypeName":"com.google.step_count.delta","startTimeNanos":1641209471000000000,"modifiedTimeMillis":1641213315212,"rawTimestampNanos":0},
        {"fitValue":[{"value":{"intVal":3341}}],"originDataSourceId":"","endTimeNanos":1641259940000000000,"dataTypeName":"com.google.step_count.delta","startTimeNanos":1641258111000000000,"modifiedTimeMillis":1641262962014,"rawTimestampNanos":0},
        {"fitValue":[{"value":{"intVal":4564}}],"originDataSourceId":"","endTimeNanos":1641297960000000000,"dataTypeName":"com.google.step_count.delta","startTimeNanos":1641296171000000000,"modifiedTimeMillis":1641308458618,"rawTimestampNanos":0},
        {"fitValue":[{"value":{"intVal":3396}}],"originDataSourceId":"","endTimeNanos":1641346443000000000,"dataTypeName":"com.google.step_count.delta","startTimeNanos":1641344625000000000,"modifiedTimeMillis":1641353828528,"rawTimestampNanos":0},
        {"fitValue":[{"value":{"intVal":4479}}],"originDataSourceId":"","endTimeNanos":1641384041000000000,"dataTypeName":"com.google.step_count.delta","startTimeNanos":1641382322000000000,"modifiedTimeMillis":1641387329234,"rawTimestampNanos":0},
        {"fitValue":[{"value":{"intVal":3543}}],"originDataSourceId":"","endTimeNanos":1641432620000000000,"dataTypeName":"com.google.step_count.delta","startTimeNanos":1641430676000000000,"modifiedTimeMillis":1641435725357,"rawTimestampNanos":0},
        {"fitValue":[{"value":{"intVal":4719}}],"originDataSourceId":"","endTimeNanos":1641476973000000000,"dataTypeName":"com.google.step_count.delta","startTimeNanos":1641475171000000000,"modifiedTimeMillis":1641477825624,"rawTimestampNanos":0},
        {"fitValue":[{"value":{"intVal":3113}}],"originDataSourceId":"","endTimeNanos":1641521559000000000,"dataTypeName":"com.google.step_count.delta","startTimeNanos":1641519900000000000,"modifiedTimeMillis":1641526088731,"rawTimestampNanos":0},
        {"fitValue":[{"value":{"intVal":7508}}],"originDataSourceId":"","endTimeNanos":1641558806000000000,"dataTypeName":"com.google.step_count.delta","startTimeNanos":1641555833000000000,"modifiedTimeMillis":1641560707786,"rawTimestampNanos":0},
        {"fitValue":[{"value":{"intVal":262}}],"originDataSourceId":"","endTimeNanos":1641606144000000000,"dataTypeName":"com.google.step_count.delta","startTimeNanos":1641606001000000000,"modifiedTimeMillis":1641613350752,"rawTimestampNanos":0},
        {"fitValue":[{"value":{"intVal":750}}],"originDataSourceId":"","endTimeNanos":1641606450000000000,"dataTypeName":"com.google.step_count.delta","startTimeNanos":1641606166000000000,"modifiedTimeMillis":1641613350752,"rawTimestampNanos":0},
        {"fitValue":[{"value":{"intVal":3099}}],"originDataSourceId":"","endTimeNanos":1641608227000000000,"dataTypeName":"com.google.step_count.delta","startTimeNanos":1641606507000000000,"modifiedTimeMillis":1641613350752,"rawTimestampNanos":0},
        {"fitValue":[{"value":{"intVal":4501}}],"originDataSourceId":"","endTimeNanos":1641646177000000000,"dataTypeName":"com.google.step_count.delta","startTimeNanos":1641644422000000000,"modifiedTimeMillis":1641647002958,"rawTimestampNanos":0},
        {"fitValue":[{"value":{"intVal":4643}}],"originDataSourceId":"","endTimeNanos":1641700574000000000,"dataTypeName":"com.google.step_count.delta","startTimeNanos":1641697844000000000,"modifiedTimeMillis":1641703848158,"rawTimestampNanos":0},
        {"fitValue":[{"value":{"intVal":3095}}],"originDataSourceId":"","endTimeNanos":1641706884000000000,"dataTypeName":"com.google.step_count.delta","startTimeNanos":1641705249000000000,"modifiedTimeMillis":1641707464833,"rawTimestampNanos":0},
        {"fitValue":[{"value":{"intVal":9004}}],"originDataSourceId":"","endTimeNanos":1641731178000000000,"dataTypeName":"com.google.step_count.delta","startTimeNanos":1641727672000000000,"modifiedTimeMillis":1641736221098,"rawTimestampNanos":0},
        {"fitValue":[{"value":{"intVal":3104}}],"originDataSourceId":"","endTimeNanos":1641779103000000000,"dataTypeName":"com.google.step_count.delta","startTimeNanos":1641777444000000000,"modifiedTimeMillis":1641781760066,"rawTimestampNanos":0},
        {"fitValue":[{"value":{"intVal":0}}],"originDataSourceId":"","endTimeNanos":1641779759000000000,"dataTypeName":"com.google.step_count.delta","startTimeNanos":1641779506000000000,"modifiedTimeMillis":1641781760066,"rawTimestampNanos":0},
        {"fitValue":[{"value":{"intVal":4483}}],"originDataSourceId":"","endTimeNanos":1641818905000000000,"dataTypeName":"com.google.step_count.delta","startTimeNanos":1641817206000000000,"modifiedTimeMillis":1641823886814,"rawTimestampNanos":0},
        {"fitValue":[{"value":{"intVal":0}}],"originDataSourceId":"","endTimeNanos":1641864244000000000,"dataTypeName":"com.google.step_count.delta","startTimeNanos":1641863290000000000,"modifiedTimeMillis":1641868523799,"rawTimestampNanos":0},
        {"fitValue":[{"value":{"intVal":3714}}],"originDataSourceId":"","endTimeNanos":1641866357000000000,"dataTypeName":"com.google.step_count.delta","startTimeNanos":1641864338000000000,"modifiedTimeMillis":1641868523799,"rawTimestampNanos":0},
        {"fitValue":[{"value":{"intVal":4491}}],"originDataSourceId":"","endTimeNanos":1641903014000000000,"dataTypeName":"com.google.step_count.delta","startTimeNanos":1641901270000000000,"modifiedTimeMillis":1641905516251,"rawTimestampNanos":0},
        {"fitValue":[{"value":{"intVal":0}}],"originDataSourceId":"","endTimeNanos":1641950484000000000,"dataTypeName":"com.google.step_count.delta","startTimeNanos":1641949744000000000,"modifiedTimeMillis":1641958055503,"rawTimestampNanos":0},
        {"fitValue":[{"value":{"intVal":4011}}],"originDataSourceId":"","endTimeNanos":1641952593000000000,"dataTypeName":"com.google.step_count.delta","startTimeNanos":1641950501000000000,"modifiedTimeMillis":1641958055503,"rawTimestampNanos":0},
        {"fitValue":[{"value":{"intVal":3075}}],"originDataSourceId":"","endTimeNanos":1641986721000000000,"dataTypeName":"com.google.step_count.delta","startTimeNanos":1641984906000000000,"modifiedTimeMillis":1641998647866,"rawTimestampNanos":0},
        {"fitValue":[{"value":{"intVal":0}}],"originDataSourceId":"","endTimeNanos":1642037389000000000,"dataTypeName":"com.google.step_count.delta","startTimeNanos":1642036329000000000,"modifiedTimeMillis":1642041867189,"rawTimestampNanos":0},
        {"fitValue":[{"value":{"intVal":3118}}],"originDataSourceId":"","endTimeNanos":1642039086000000000,"dataTypeName":"com.google.step_count.delta","startTimeNanos":1642037412000000000,"modifiedTimeMillis":1642045245558,"rawTimestampNanos":0},
        {"fitValue":[{"value":{"intVal":1529}}],"originDataSourceId":"","endTimeNanos":1642082079000000000,"dataTypeName":"com.google.step_count.delta","startTimeNanos":1642081483000000000,"modifiedTimeMillis":1642089038501,"rawTimestampNanos":0},
        {"fitValue":[{"value":{"intVal":0}}],"originDataSourceId":"","endTimeNanos":1642128093000000000,"dataTypeName":"com.google.step_count.delta","startTimeNanos":1642126996000000000,"modifiedTimeMillis":1642142887590,"rawTimestampNanos":0},
        {"fitValue":[{"value":{"intVal":7469}}],"originDataSourceId":"","endTimeNanos":1642166509000000000,"dataTypeName":"com.google.step_count.delta","startTimeNanos":1642163609000000000,"modifiedTimeMillis":1642169951086,"rawTimestampNanos":0},
        {"fitValue":[{"value":{"intVal":0}}],"originDataSourceId":"","endTimeNanos":1642216303000000000,"dataTypeName":"com.google.step_count.delta","startTimeNanos":1642215404000000000,"modifiedTimeMillis":1642222868095,"rawTimestampNanos":0},
        {"fitValue":[{"value":{"intVal":365}}],"originDataSourceId":"","endTimeNanos":1642248159000000000,"dataTypeName":"com.google.step_count.delta","startTimeNanos":1642248015000000000,"modifiedTimeMillis":1642252220886,"rawTimestampNanos":0},
        {"fitValue":[{"value":{"intVal":3858}}],"originDataSourceId":"","endTimeNanos":1642312280000000000,"dataTypeName":"com.google.step_count.delta","startTimeNanos":1642309781000000000,"modifiedTimeMillis":1642315932046,"rawTimestampNanos":0},
        {"fitValue":[{"value":{"intVal":14976}}],"originDataSourceId":"","endTimeNanos":1642340546000000000,"dataTypeName":"com.google.step_count.delta","startTimeNanos":1642334660000000000,"modifiedTimeMillis":1642343226489,"rawTimestampNanos":0},
        {"fitValue":[{"value":{"intVal":3548}}],"originDataSourceId":"","endTimeNanos":1642384728000000000,"dataTypeName":"com.google.step_count.delta","startTimeNanos":1642382782000000000,"modifiedTimeMillis":1642387326242,"rawTimestampNanos":0},
        {"fitValue":[{"value":{"intVal":2283}}],"originDataSourceId":"","endTimeNanos":1642419081000000000,"dataTypeName":"com.google.step_count.delta","startTimeNanos":1642418183000000000,"modifiedTimeMillis":1642425490013,"rawTimestampNanos":0},
        {"fitValue":[{"value":{"intVal":4844}}],"originDataSourceId":"","endTimeNanos":1642561033000000000,"dataTypeName":"com.google.step_count.delta","startTimeNanos":1642557801000000000,"modifiedTimeMillis":1642605152094,"rawTimestampNanos":0},
        {"fitValue":[{"value":{"intVal":3303}}],"originDataSourceId":"","endTimeNanos":1642654805000000000,"dataTypeName":"com.google.step_count.delta","startTimeNanos":1642652722000000000,"modifiedTimeMillis":1642742587851,"rawTimestampNanos":0},
        {"fitValue":[{"value":{"intVal":4635}}],"originDataSourceId":"","endTimeNanos":1642748701000000000,"dataTypeName":"com.google.step_count.delta","startTimeNanos":1642745924000000000,"modifiedTimeMillis":1642829583580,"rawTimestampNanos":0},
        {"fitValue":[{"value":{"intVal":3389}}],"originDataSourceId":"","endTimeNanos":1642861394000000000,"dataTypeName":"com.google.step_count.delta","startTimeNanos":1642859255000000000,"modifiedTimeMillis":1642916318540,"rawTimestampNanos":0},
        {"fitValue":[{"value":{"intVal":9469}}],"originDataSourceId":"","endTimeNanos":1642943177000000000,"dataTypeName":"com.google.step_count.delta","startTimeNanos":1642939392000000000,"modifiedTimeMillis":1642945832690,"rawTimestampNanos":0},
        {"fitValue":[{"value":{"intVal":3335}}],"originDataSourceId":"","endTimeNanos":1642989486000000000,"dataTypeName":"com.google.step_count.delta","startTimeNanos":1642987758000000000,"modifiedTimeMillis":1642995589334,"rawTimestampNanos":0},
        {"fitValue":[{"value":{"intVal":2111}}],"originDataSourceId":"","endTimeNanos":1643008040000000000,"dataTypeName":"com.google.step_count.delta","startTimeNanos":1643006779000000000,"modifiedTimeMillis":1643031486943,"rawTimestampNanos":0},
        {"fitValue":[{"value":{"intVal":0}}],"originDataSourceId":"","endTimeNanos":1643026249000000000,"dataTypeName":"com.google.step_count.delta","startTimeNanos":1643025293000000000,"modifiedTimeMillis":1643031486943,"rawTimestampNanos":0},
        {"fitValue":[{"value":{"intVal":3091}}],"originDataSourceId":"","endTimeNanos":1643028037000000000,"dataTypeName":"com.google.step_count.delta","startTimeNanos":1643026262000000000,"modifiedTimeMillis":1643031486943,"rawTimestampNanos":0},
        {"fitValue":[{"value":{"intVal":0}}],"originDataSourceId":"","endTimeNanos":1643073873000000000,"dataTypeName":"com.google.step_count.delta","startTimeNanos":1643072576000000000,"modifiedTimeMillis":1643163903833,"rawTimestampNanos":0},
        {"fitValue":[{"value":{"intVal":3119}}],"originDataSourceId":"","endTimeNanos":1643075665000000000,"dataTypeName":"com.google.step_count.delta","startTimeNanos":1643073944000000000,"modifiedTimeMillis":1643163903833,"rawTimestampNanos":0},
        {"fitValue":[{"value":{"intVal":1668}}],"originDataSourceId":"","endTimeNanos":1643106421000000000,"dataTypeName":"com.google.step_count.delta","startTimeNanos":1643105288000000000,"modifiedTimeMillis":1643163903833,"rawTimestampNanos":0},
        {"fitValue":[{"value":{"intVal":7482}}],"originDataSourceId":"","endTimeNanos":1643111585000000000,"dataTypeName":"com.google.step_count.delta","startTimeNanos":1643108660000000000,"modifiedTimeMillis":1643163903833,"rawTimestampNanos":0},
        {"fitValue":[{"value":{"intVal":1556}}],"originDataSourceId":"","endTimeNanos":1643193335000000000,"dataTypeName":"com.google.step_count.delta","startTimeNanos":1643191987000000000,"modifiedTimeMillis":1643255882572,"rawTimestampNanos":0},
        {"fitValue":[{"value":{"intVal":1562}}],"originDataSourceId":"","endTimeNanos":1643336810000000000,"dataTypeName":"com.google.step_count.delta","startTimeNanos":1643335898000000000,"modifiedTimeMillis":1643341693118,"rawTimestampNanos":0},
        {"fitValue":[{"value":{"intVal":2031}}],"originDataSourceId":"","endTimeNanos":1643443516000000000,"dataTypeName":"com.google.step_count.delta","startTimeNanos":1643442270000000000,"modifiedTimeMillis":1643540584809,"rawTimestampNanos":0},
        {"fitValue":[{"value":{"intVal":14945}}],"originDataSourceId":"","endTimeNanos":1643546943000000000,"dataTypeName":"com.google.step_count.delta","startTimeNanos":1643541111000000000,"modifiedTimeMillis":1643550704817,"rawTimestampNanos":0},
        {"fitValue":[{"value":{"intVal":0}}],"originDataSourceId":"","endTimeNanos":1643591009000000000,"dataTypeName":"com.google.step_count.delta","startTimeNanos":1643590067000000000,"modifiedTimeMillis":1643595039012,"rawTimestampNanos":0},
        {"fitValue":[{"value":{"intVal":3542}}],"originDataSourceId":"","endTimeNanos":1643592997000000000,"dataTypeName":"com.google.step_count.delta","startTimeNanos":1643591050000000000,"modifiedTimeMillis":1643595039012,"rawTimestampNanos":0},
        {"fitValue":[{"value":{"intVal":0}}],"originDataSourceId":"","endTimeNanos":1643678069000000000,"dataTypeName":"com.google.step_count.delta","startTimeNanos":1643677006000000000,"modifiedTimeMillis":1643765272536,"rawTimestampNanos":0},
        {"fitValue":[{"value":{"intVal":3107}}],"originDataSourceId":"","endTimeNanos":1643679801000000000,"dataTypeName":"com.google.step_count.delta","startTimeNanos":1643678095000000000,"modifiedTimeMillis":1643765272536,"rawTimestampNanos":0},
        {"fitValue":[{"value":{"intVal":0}}],"originDataSourceId":"","endTimeNanos":1643764515000000000,"dataTypeName":"com.google.step_count.delta","startTimeNanos":1643763545000000000,"modifiedTimeMillis":1643768872713,"rawTimestampNanos":0},
        {"fitValue":[{"value":{"intVal":3099}}],"originDataSourceId":"","endTimeNanos":1643766276000000000,"dataTypeName":"com.google.step_count.delta","startTimeNanos":1643764562000000000,"modifiedTimeMillis":1643768872713,"rawTimestampNanos":0},
        {"fitValue":[{"value":{"intVal":9087}}],"originDataSourceId":"","endTimeNanos":1643803717000000000,"dataTypeName":"com.google.step_count.delta","startTimeNanos":1643800088000000000,"modifiedTimeMillis":1643808959918,"rawTimestampNanos":0},
        {"fitValue":[{"value":{"intVal":3099}}],"originDataSourceId":"","endTimeNanos":1643852622000000000,"dataTypeName":"com.google.step_count.delta","startTimeNanos":1643850917000000000,"modifiedTimeMillis":1643945502312,"rawTimestampNanos":0},
        {"fitValue":[{"value":{"intVal":4246}}],"originDataSourceId":"","endTimeNanos":1643943414000000000,"dataTypeName":"com.google.step_count.delta","startTimeNanos":1643941055000000000,"modifiedTimeMillis":1643949903623,"rawTimestampNanos":0},
        {"fitValue":[{"value":{"intVal":15018}}],"originDataSourceId":"","endTimeNanos":1643982104000000000,"dataTypeName":"com.google.step_count.delta","startTimeNanos":1643976182000000000,"modifiedTimeMillis":1643986533593,"rawTimestampNanos":0},
        {"fitValue":[{"value":{"intVal":6187}}],"originDataSourceId":"","endTimeNanos":1644042260000000000,"dataTypeName":"com.google.step_count.delta","startTimeNanos":1644038520000000000,"modifiedTimeMillis":1644161515317,"rawTimestampNanos":0},
        {"fitValue":[{"value":{"intVal":7712}}],"originDataSourceId":"","endTimeNanos":1644124167000000000,"dataTypeName":"com.google.step_count.delta","startTimeNanos":1644119715000000000,"modifiedTimeMillis":1644161515317,"rawTimestampNanos":0},
        {"fitValue":[{"value":{"intVal":16587}}],"originDataSourceId":"","endTimeNanos":1644152169000000000,"dataTypeName":"com.google.step_count.delta","startTimeNanos":1644145587000000000,"modifiedTimeMillis":1644161515317,"rawTimestampNanos":0},
        {"fitValue":[{"value":{"intVal":2991}}],"originDataSourceId":"","endTimeNanos":1644197343000000000,"dataTypeName":"com.google.step_count.delta","startTimeNanos":1644196194000000000,"modifiedTimeMillis":1644205427755,"rawTimestampNanos":0},
        {"fitValue":[{"value":{"intVal":0}}],"originDataSourceId":"","endTimeNanos":1644199276000000000,"dataTypeName":"com.google.step_count.delta","startTimeNanos":1644197735000000000,"modifiedTimeMillis":1644205427755,"rawTimestampNanos":0},
        {"fitValue":[{"value":{"intVal":3155}}],"originDataSourceId":"","endTimeNanos":1644217806000000000,"dataTypeName":"com.google.step_count.delta","startTimeNanos":1644211714000000000,"modifiedTimeMillis":1644224065544,"rawTimestampNanos":0},
        {"fitValue":[{"value":{"intVal":3097}}],"originDataSourceId":"","endTimeNanos":1644222143000000000,"dataTypeName":"com.google.step_count.delta","startTimeNanos":1644220226000000000,"modifiedTimeMillis":1644224065544,"rawTimestampNanos":0},
        {"fitValue":[{"value":{"intVal":2987}}],"originDataSourceId":"","endTimeNanos":1644283446000000000,"dataTypeName":"com.google.step_count.delta","startTimeNanos":1644282291000000000,"modifiedTimeMillis":1644290286021,"rawTimestampNanos":0},
        {"fitValue":[{"value":{"intVal":0}}],"originDataSourceId":"","endTimeNanos":1644285300000000000,"dataTypeName":"com.google.step_count.delta","startTimeNanos":1644284016000000000,"modifiedTimeMillis":1644290286021,"rawTimestampNanos":0},
        {"fitValue":[{"value":{"intVal":1581}}],"originDataSourceId":"","endTimeNanos":1644304409000000000,"dataTypeName":"com.google.step_count.delta","startTimeNanos":1644303482000000000,"modifiedTimeMillis":1644308109512,"rawTimestampNanos":0},
        {"fitValue":[{"value":{"intVal":0}}],"originDataSourceId":"","endTimeNanos":1644305183000000000,"dataTypeName":"com.google.step_count.delta","startTimeNanos":1644304566000000000,"modifiedTimeMillis":1644308109512,"rawTimestampNanos":0},
        {"fitValue":[{"value":{"intVal":1492}}],"originDataSourceId":"","endTimeNanos":1644368974000000000,"dataTypeName":"com.google.step_count.delta","startTimeNanos":1644368402000000000,"modifiedTimeMillis":1644377238810,"rawTimestampNanos":0},
        {"fitValue":[{"value":{"intVal":0}}],"originDataSourceId":"","endTimeNanos":1644370130000000000,"dataTypeName":"com.google.step_count.delta","startTimeNanos":1644369173000000000,"modifiedTimeMillis":1644377238810,"rawTimestampNanos":0},
        {"fitValue":[{"value":{"intVal":0}}],"originDataSourceId":"","endTimeNanos":1644391221000000000,"dataTypeName":"com.google.step_count.delta","startTimeNanos":1644390594000000000,"modifiedTimeMillis":1644465665887,"rawTimestampNanos":0},
        {"fitValue":[{"value":{"intVal":574}}],"originDataSourceId":"","endTimeNanos":1644391609000000000,"dataTypeName":"com.google.step_count.delta","startTimeNanos":1644391229000000000,"modifiedTimeMillis":1644465665887,"rawTimestampNanos":0},
        {"fitValue":[{"value":{"intVal":232}}],"originDataSourceId":"","endTimeNanos":1644410392000000000,"dataTypeName":"com.google.step_count.delta","startTimeNanos":1644410303000000000,"modifiedTimeMillis":1644465665887,"rawTimestampNanos":0},
        {"fitValue":[{"value":{"intVal":211}}],"originDataSourceId":"","endTimeNanos":1644410537000000000,"dataTypeName":"com.google.step_count.delta","startTimeNanos":1644410455000000000,"modifiedTimeMillis":1644465665887,"rawTimestampNanos":0},
        {"fitValue":[{"value":{"intVal":1491}}],"originDataSourceId":"","endTimeNanos":1644456108000000000,"dataTypeName":"com.google.step_count.delta","startTimeNanos":1644455533000000000,"modifiedTimeMillis":1644465665887,"rawTimestampNanos":0},
        {"fitValue":[{"value":{"intVal":0}}],"originDataSourceId":"","endTimeNanos":1644457882000000000,"dataTypeName":"com.google.step_count.delta","startTimeNanos":1644456273000000000,"modifiedTimeMillis":1644465665887,"rawTimestampNanos":0},
        {"fitValue":[{"value":{"intVal":1557}}],"originDataSourceId":"","endTimeNanos":1644458746000000000,"dataTypeName":"com.google.step_count.delta","startTimeNanos":1644457931000000000,"modifiedTimeMillis":1644465665887,"rawTimestampNanos":0},
        {"fitValue":[{"value":{"intVal":1516}}],"originDataSourceId":"","endTimeNanos":1644548890000000000,"dataTypeName":"com.google.step_count.delta","startTimeNanos":1644548300000000000,"modifiedTimeMillis":1644595225690,"rawTimestampNanos":0},
        {"fitValue":[{"value":{"intVal":14892}}],"originDataSourceId":"","endTimeNanos":1644587454000000000,"dataTypeName":"com.google.step_count.delta","startTimeNanos":1644581694000000000,"modifiedTimeMillis":1644595225690,"rawTimestampNanos":0}
    ]
}